pool_address,pool_name,token0_address,token0_symbol,token0_decimals,token1_address,token1_symbol,token1_decimals,tvl_usd
0xe21f631f47bfb2bc53ed134e83b8cff00e0ec054,WETH-WBTC,0x6a023ccd1ff6f2045c3309768ead9e68f978f6e1,WETH,18,0x8e5bbbb09ed1ebde8674cda39a0c169401db4252,WBTC,8,2594856.352
0x15f9eedeebd121fbb238a8a0cae38f4b4a07a585,WETH-GNO,0x6a023ccd1ff6f2045c3309768ead9e68f978f6e1,WETH,18,0x9c58bacc331c9aa871afd802db6379a98e80cedb,GNO,18,2311585.98
0xa227c72a4055a9dc949cae24f54535fe890d3663,USDC-WXDAI,0xddafbb505ad214d7b80b1f830fccc89b60fb7a83,USDC,6,0xe91d153e0b41518a2ce8dd3d7944fa863463a97d,WXDAI,18,1533345.177
0x0f9d54d9ee044220a3925f9b97509811924fd269,GNO-WXDAI,0x9c58bacc331c9aa871afd802db6379a98e80cedb,GNO,18,0xe91d153e0b41518a2ce8dd3d7944fa863463a97d,WXDAI,18,933210.8404
0x74c2efa722010ad7c142476f525a051084da2c42,USDT-USDC,0x4ecaba5870353805a9f068101a40e0f32ed605c6,USDT,6,0xddafbb505ad214d7b80b1f830fccc89b60fb7a83,USDC,6,434945.6806
0xee040b1dedf38a66d2646d3609c36c789f10107a,CLNY-WXDAI,0xc9b6218affe8aba68a13899cbf7cf7f14ddd304c,CLNY,18,0xe91d153e0b41518a2ce8dd3d7944fa863463a97d,WXDAI,18,400464.102
0x55ff0cef43f0df88226e9d87d09fa036017f5586,GIV-WETH,0x4f4f9b8d5b4d0dc10506e5551b0513b61fd59e75,GIV,18,0x6a023ccd1ff6f2045c3309768ead9e68f978f6e1,WETH,18,73901.45206
0x53027796a4713eace91988a1c696db764737cb48,WXDAI-MPS,0xe91d153e0b41518a2ce8dd3d7944fa863463a97d,WXDAI,18,0xfa57aa7beed63d03aaf85ffd1753f5f6242588fb,MPS,0,69450.26344
0x8c0c36c85192204c8d782f763ff5a30f5ba0192f,WETH-WXDAI,0x6a023ccd1ff6f2045c3309768ead9e68f978f6e1,WETH,18,0xe91d153e0b41518a2ce8dd3d7944fa863463a97d,WXDAI,18,37441.6442
0x6685c047eab042297e659bfaa7423e94b4a14b9e,USDT-WXDAI,0x4ecaba5870353805a9f068101a40e0f32ed605c6,USDT,6,0xe91d153e0b41518a2ce8dd3d7944fa863463a97d,WXDAI,18,34774.40544
0x3b1b5f98843df210048527fd931ca6ea2104141d,PBNJ-WETH,0x536dd2e72686d3d7d6a1d4a6febd69ec1b7c05bd,PBNJ,18,0x6a023ccd1ff6f2045c3309768ead9e68f978f6e1,WETH,18,29237.03857
0x97cffd2241ea4516b7bb9d2d7fa1e4d8b76aff76,ESR-WXDAI,0xd3226b12e6188133b19ac0419f34b0ed5b10f069,ESR,18,0xe91d153e0b41518a2ce8dd3d7944fa863463a97d,WXDAI,18,28321.96475
0xb320609f2bf3ca98754c14db717307c6d6794d8b,LINK-WXDAI,0xe2e73a1c69ecf83f464efce6a5be353a37ca09b2,LINK,18,0xe91d153e0b41518a2ce8dd3d7944fa863463a97d,WXDAI,18,18159.90964
0xe5bc36119ffe40541eb61949e13607bce23577eb,WXDAI-ETHIX,0xe91d153e0b41518a2ce8dd3d7944fa863463a97d,WXDAI,18,0xec3f3e6d7907acda3a7431abd230196cda3fbb19,ETHIX,18,17429.9742
0xc704050a17af0caed763431b80e38e8d8ff15591,STAKE-WXDAI,0xb7d311e2eb55f2f68a9440da38e7989210b9a05e,STAKE,18,0xe91d153e0b41518a2ce8dd3d7944fa863463a97d,WXDAI,18,12577.89617
0x3ec0c90e3ef35b25669f590bc7d4072997f5e8ce,AGF-WXDAI,0x99c9df4bae3ae5630a146cae3fdec791ab0440c6,AGF,18,0xe91d153e0b41518a2ce8dd3d7944fa863463a97d,WXDAI,18,1179.511533
0x2937faf0f428cf3e7d9f341c6204abc0e3c9a968,USDC-O3,0xddafbb505ad214d7b80b1f830fccc89b60fb7a83,USDC,6,0xee9801669c6138e84bd50deb500827b776777d28,O3,18,1169.042788
0xdbeefff7f2b583be25807e5644fe246a5ca05eeb,WETH-USDC,0x6a023ccd1ff6f2045c3309768ead9e68f978f6e1,WETH,18,0xddafbb505ad214d7b80b1f830fccc89b60fb7a83,USDC,6,774.0059813
0x2d79c189a6672adf9270770604c0b8123c68a350,XZOM-WXDAI,0xde779609aa4ab01ef70d0417cce1ca76f171e150,XZOM,18,0xe91d153e0b41518a2ce8dd3d7944fa863463a97d,WXDAI,18,224.9591883
0x38607cefac892d04261da05ade53b90a615b5b86,renBTC-WBTC,0x4a88248baa5b39bb4a9caa697fb7f8ae0c3f0ddb,renBTC,8,0x8e5bbbb09ed1ebde8674cda39a0c169401db4252,WBTC,8,210.304916
0xb59da143ba3197dd5ea3844f429d37a1c2b1afd8,HAUS-WXDAI,0xb0c5f3100a4d9d9532a4cfd68c55f1ae8da987eb,HAUS,18,0xe91d153e0b41518a2ce8dd3d7944fa863463a97d,WXDAI,18,201.7529188
0x6b1a2e64403f9a175eeedadbc88a81e12da0f864,SUSHI-WXDAI,0x2995d1317dcd4f0ab89f4ae60f3f020a4f17c7ce,SUSHI,18,0xe91d153e0b41518a2ce8dd3d7944fa863463a97d,WXDAI,18,178.3250216
0xbaca1296539733285f5734b2e09a734571b57e91,BAO-WXDAI,0x82dfe19164729949fd66da1a37bc70dd6c4746ce,BAO,18,0xe91d153e0b41518a2ce8dd3d7944fa863463a97d,WXDAI,18,268.7635483
0xc17e0506966b37a625b69819b247a4c904826ba1,WCETH-WXDAI,0x2bb6abcb8c4b1ce6c170d0c656f0d8bdb291d4ae,WCETH,18,0xe91d153e0b41518a2ce8dd3d7944fa863463a97d,WXDAI,18,74.77091618
0x5780098e1d9d152ac5749f968991220ee673cf32,PUNK-WXDAI,0x988d1be68f2c5cde2516a2287c59bd6302b7d20d,PUNK,18,0xe91d153e0b41518a2ce8dd3d7944fa863463a97d,WXDAI,18,54.41693919
0x58cbca19118ac44aa16925c4c7b26d31d68c6d09,TRIPS-WXDAI,0x479e32cdff5f216f93060700c711d1cc8e811a6b,TRIPS,18,0xe91d153e0b41518a2ce8dd3d7944fa863463a97d,WXDAI,18,42.50757814
0xe13c4edb7578b8e91e0a71cc69d25e22755d2ea6,ISC-WXDAI,0x49cdfb79462be1f1dc525f5aeb9b93923d304829,ISC,18,0xe91d153e0b41518a2ce8dd3d7944fa863463a97d,WXDAI,18,36.88727589
0x9a339c58849706faf279d944dcd332f6ad6ff8f8,PPT-WXDAI,0x7fddcc1a18a77a426480c8dd019e87897c68e4fa,PPT,18,0xe91d153e0b41518a2ce8dd3d7944fa863463a97d,WXDAI,18,35.05714692
0xb39521c89a7600204573cd3d0ab8d7e6ba30a96b,WXDAI-ALBC,0xe91d153e0b41518a2ce8dd3d7944fa863463a97d,WXDAI,18,0xfb23cfd35046466fdba7f73dc2fccb5b17abf1aa,ALBC,18,35.04409927
0x527f95182aaabb4fe7ee16ff2a5579b77c9d4b06,HOPR-WXDAI,0xd057604a14982fe8d88c5fc25aac3267ea142a08,HOPR,18,0xe91d153e0b41518a2ce8dd3d7944fa863463a97d,WXDAI,18,34.586712
0x6bd5d12eb3ad4c35189cd794c0b043bf48da31b5,EBC-WXDAI,0x3397b66fe5894593a735041e6d197174e1dd6ea6,EBC,18,0xe91d153e0b41518a2ce8dd3d7944fa863463a97d,WXDAI,18,23.98504114
0xee254ac6666dd983a2f8f62c25abfddbac256f74,WXDAI-DON,0xe91d153e0b41518a2ce8dd3d7944fa863463a97d,WXDAI,18,0xed8262aae24b6093d08a01dbbd28027df3fdd778,DON,18,19.62733581
0xbea753d414168b2ecacdfdf3bd5bfa6ee0ec2d8d,PCT-WXDAI,0x1e856ee72bd4037df8fa790abb399e59d669d171,PCT,18,0xe91d153e0b41518a2ce8dd3d7944fa863463a97d,WXDAI,18,19.49718332
0xe0fb2ec54ede39b3e887c46a46c0829561b28ceb,xMOON-WXDAI,0x1e16aa4df73d29c029d94ceda3e3114ec191e25a,xMOON,18,0xe91d153e0b41518a2ce8dd3d7944fa863463a97d,WXDAI,18,18.54180388
0xe345638fa39ec412ce22e9de63ada7818e7b8184,BAO-USDC,0x82dfe19164729949fd66da1a37bc70dd6c4746ce,BAO,18,0xddafbb505ad214d7b80b1f830fccc89b60fb7a83,USDC,6,35.292147
0x4c0294881de8e335db530f1d29792106c83d9707,AMIS-WXDAI,0xd51e1ddd116fff9a71c1b8feeb58113afa2b4d93,AMIS,9,0xe91d153e0b41518a2ce8dd3d7944fa863463a97d,WXDAI,18,16.26692042
0xc614ab1c7f09abd54eb281ea104ebe49824237aa,AMIS-USDC,0xd51e1ddd116fff9a71c1b8feeb58113afa2b4d93,AMIS,9,0xddafbb505ad214d7b80b1f830fccc89b60fb7a83,USDC,6,13.802853
0x08bf376d897befcdfcf711d03b10ccb2d536468c,renBTC-WETH,0x4a88248baa5b39bb4a9caa697fb7f8ae0c3f0ddb,renBTC,8,0x6a023ccd1ff6f2045c3309768ead9e68f978f6e1,WETH,18,13.33498296
0x583afe45d2b52916ceed8a6f249470ac69b68e2c,BOD-WXDAI,0xc0b433481b3f5302d41f20cd6d18ab275ed5c1b2,BOD,18,0xe91d153e0b41518a2ce8dd3d7944fa863463a97d,WXDAI,18,13.09299234
0x648f84007a9bfa6e61d0a7759db65ec83308f7b9,WCETH-WETH,0x2bb6abcb8c4b1ce6c170d0c656f0d8bdb291d4ae,WCETH,18,0x6a023ccd1ff6f2045c3309768ead9e68f978f6e1,WETH,18,12.28630569
0xb065d0d0697415eaf992556872a0d3863d9a39a2,JPYC-WXDAI,0x417602f4fbdd471a431ae29fb5fe0a681964c11b,JPYC,18,0xe91d153e0b41518a2ce8dd3d7944fa863463a97d,WXDAI,18,10.34181289
0x8ab2856f2e62b2ffa2eb725853e6a8efdc28508e,VIQYY-WXDAI,0x45e9aef2e86ae7a240f6379987395a719dbcb46b,VIQYY,18,0xe91d153e0b41518a2ce8dd3d7944fa863463a97d,WXDAI,18,10.01692181
0xe8d6a056a72595612e5ef8b8ceebfb5204e6ca6f,MTRA-WXDAI,0x8a911c724767057b54c41af9f21174f3d288247d,MTRA,18,0xe91d153e0b41518a2ce8dd3d7944fa863463a97d,WXDAI,18,10.02996408
0x78dafae9a8a9c0c3566ea4d1eaa482b4835747dd,WSTR-WXDAI,0x93f9e5394d5238597a690e50ca4e03541d9511cf,WSTR,18,0xe91d153e0b41518a2ce8dd3d7944fa863463a97d,WXDAI,18,10.02893818
0xd51ecf96357ab928227ef25179d12731c986ca0b,CMP-WXDAI,0x911f196ed489e41c8b45b5c56fece021c27a6159,CMP,18,0xe91d153e0b41518a2ce8dd3d7944fa863463a97d,WXDAI,18,9.938710147
0x70e1d9f734f7c974fea41b496b10ac93b7f80666,xSUSHI-WXDAI,0x726f66bbdaf5dc0d66caddc24da13c3e9301fc2a,xSUSHI,18,0xe91d153e0b41518a2ce8dd3d7944fa863463a97d,WXDAI,18,8.328527264
0x4281d8929d531b3f170071ada16f3de92c486939,HRC-WXDAI,0xc0b3e400f2cb4649d3daae71df66339ad99c2c1a,HRC,18,0xe91d153e0b41518a2ce8dd3d7944fa863463a97d,WXDAI,18,8.286234547
0x27acce980f7cd06f8cb5f4953e709bde141c9040,USDT-AMIS,0x4ecaba5870353805a9f068101a40e0f32ed605c6,USDT,6,0xd51e1ddd116fff9a71c1b8feeb58113afa2b4d93,AMIS,9,8.133519885
0x4a7fc0540652745b1384423a4f5f1320ecf18dd0,RSD-WXDAI,0x61ed1c66239d29cc93c8597c6167159e8f69a823,RSD,18,0xe91d153e0b41518a2ce8dd3d7944fa863463a97d,WXDAI,18,7.687486667
0xaa08d3902ffe54224ae1c16dc87e8bfad17932b6,WETH-AMIS,0x6a023ccd1ff6f2045c3309768ead9e68f978f6e1,WETH,18,0xd51e1ddd116fff9a71c1b8feeb58113afa2b4d93,AMIS,9,7.511568027
0x2eca33025055bc9909c0f9ed4a149848aec6d5e9,PAXG-WXDAI,0x3e76f9caaf9b47089810b4579c598228735e7a11,PAXG,18,0xe91d153e0b41518a2ce8dd3d7944fa863463a97d,WXDAI,18,5.793786569
0x5d4353b47f6a0d4415d181d16eaf951c304b9a1f,0xMR-WXDAI,0x8c88ea1fd60462ef7004b9e288afcb4680a3c50c,0xMR,18,0xe91d153e0b41518a2ce8dd3d7944fa863463a97d,WXDAI,18,5.204707605
0xf9d10cd521927797b40448af7125a2cc0da7ae01,WBTC-WXDAI,0x8e5bbbb09ed1ebde8674cda39a0c169401db4252,WBTC,8,0xe91d153e0b41518a2ce8dd3d7944fa863463a97d,WXDAI,18,10.23563978
0x48497f7c1befbee24f0cb7324ab99d09a900deca,WBTC-YFI,0x8e5bbbb09ed1ebde8674cda39a0c169401db4252,WBTC,8,0xbf65bfcb5da067446cee6a706ba3fe2fb1a9fdfd,YFI,18,4.676867212
0x3660799f61b15001a5ff02a3525ee496be4403fb,USDT-xSUSHI,0x4ecaba5870353805a9f068101a40e0f32ed605c6,USDT,6,0x726f66bbdaf5dc0d66caddc24da13c3e9301fc2a,xSUSHI,18,4.661712794
0x560f569c39cc5060bd5e985d2d82bf58409cde86,BTCBR-WXDAI,0xa899e4476ff5da39dcd9ddec7a6e2c651d8614bf,BTCBR,18,0xe91d153e0b41518a2ce8dd3d7944fa863463a97d,WXDAI,18,4.472145501
0xfc61b9428dedaf0af5a7fcdc565ecf1b8562845c,USDC-MPS,0xddafbb505ad214d7b80b1f830fccc89b60fb7a83,USDC,6,0xfa57aa7beed63d03aaf85ffd1753f5f6242588fb,MPS,0,20.93401414
0xac262fb0dff154397c045fa68030931f18263efb,TOFI-WXDAI,0x848e442f2d275fe1de90946a494ac3cf1a196956,TOFI,0,0xe91d153e0b41518a2ce8dd3d7944fa863463a97d,WXDAI,18,4.033464072
0x4b649f99fdc61bf3861c168c62b8a9c9bccadcce,UNI-WXDAI,0x4537e328bf7e4efa29d05caea260d7fe26af9d74,UNI,18,0xe91d153e0b41518a2ce8dd3d7944fa863463a97d,WXDAI,18,3.728996574
0x9ef8f1488bd643baeba3e384bf790aa8c0cf79ea,BTCTRADE-WXDAI,0x041074fd2e67222fb94f4cf3e4036ee389dd3bab,BTCTRADE,18,0xe91d153e0b41518a2ce8dd3d7944fa863463a97d,WXDAI,18,3.560253813
0xcd4f0d66262dafa6e786a132121e84aae4ffdf24,MDZA-WXDAI,0xbab3cbdcbcc578445480a79ed80269c50bb5b718,MDZA,18,0xe91d153e0b41518a2ce8dd3d7944fa863463a97d,WXDAI,18,3.416620956
0xee56e25624a7b02f4fa770d42fdbbe24b84fa6c4,SUSHI-WETH,0x2995d1317dcd4f0ab89f4ae60f3f020a4f17c7ce,SUSHI,18,0x6a023ccd1ff6f2045c3309768ead9e68f978f6e1,WETH,18,3.374836258
0xed4a30039167a49f1d42655ebef89c4bc960a1d6,BTCBR-USDC,0xa899e4476ff5da39dcd9ddec7a6e2c651d8614bf,BTCBR,18,0xddafbb505ad214d7b80b1f830fccc89b60fb7a83,USDC,6,3.210368
0x1a7861cbeb617f50897a4f09b06845f60e5450e8,WXDAI-COSMO,0xe91d153e0b41518a2ce8dd3d7944fa863463a97d,WXDAI,18,0xefb06b5fcf1b9c8704f41fe96b29a428d8624ed2,COSMO,18,3.191492466
0x96c05f8ebc86dcb5d7a541bc9240af59119b48be,USDT-WXDAI,0xc90132d5d1b87730da162ec9cd34885828769cc3,USDT,18,0xe91d153e0b41518a2ce8dd3d7944fa863463a97d,WXDAI,18,3.132190596
0x9cb7ec025e68ed42bb81d6d3174236ef27b7cdec,SLP-WXDAI,0xac262fb0dff154397c045fa68030931f18263efb,SLP,18,0xe91d153e0b41518a2ce8dd3d7944fa863463a97d,WXDAI,18,3.043501064
0x33770d319114148b79661cd2f46a1b36d4170640,WETH-xSUSHI,0x6a023ccd1ff6f2045c3309768ead9e68f978f6e1,WETH,18,0x726f66bbdaf5dc0d66caddc24da13c3e9301fc2a,xSUSHI,18,3.024535938
0xf3e74bdf28c318acdb8d69f6002eb18929f2be01,xSUSHI-USDC,0x726f66bbdaf5dc0d66caddc24da13c3e9301fc2a,xSUSHI,18,0xddafbb505ad214d7b80b1f830fccc89b60fb7a83,USDC,6,2.842209
0x634d3eb210d8f594713a1a0ecc541d2ad190b961,WBTC-BTCBR,0x8e5bbbb09ed1ebde8674cda39a0c169401db4252,WBTC,8,0xa899e4476ff5da39dcd9ddec7a6e2c651d8614bf,BTCBR,18,2.751104902
0xa07047c065b5eeb34872f99b7700baf3d2541589,HNY-WXDAI,0x71850b7e9ee3f13ab46d67167341e4bdc905eef9,HNY,18,0xe91d153e0b41518a2ce8dd3d7944fa863463a97d,WXDAI,18,2.753735925
0x00ef0a3eaac03bcb931674703644cd78f8e61f77,WXDAI-CHEEMS,0xe91d153e0b41518a2ce8dd3d7944fa863463a97d,WXDAI,18,0xeaf7b3376173df8bc0c22ad6126943cc8353c1ee,CHEEMS,18,2.725401709
0x3b3246b3b9e7bb9cebf88e5781ac02f9cd91a797,WXDAI-TRAC,0xe91d153e0b41518a2ce8dd3d7944fa863463a97d,WXDAI,18,0xeddd81e0792e764501aae206eb432399a0268db5,TRAC,18,2.664254723
0x3835394721d2176f78637cc0e898eca8d0e3d769,sETH-WXDAI,0x8f365b41b98fe84acb287540b4b4ab633e07edb2,sETH,18,0xe91d153e0b41518a2ce8dd3d7944fa863463a97d,WXDAI,18,2.593034919
0x7d3bcb2e6080726080b933c9481fb288ff62b57a,COVT-WXDAI,0x47afacadc6773dc4b8177bc7ac3dd96383800380,COVT,18,0xe91d153e0b41518a2ce8dd3d7944fa863463a97d,WXDAI,18,2.542157209
0xf3c2c482c55de5f76ee452eaf47f8782bbc25cb9,MANA-WXDAI,0x7838796b6802b18d7ef58fc8b757705d6c9d12b3,MANA,18,0xe91d153e0b41518a2ce8dd3d7944fa863463a97d,WXDAI,18,2.356122305
0xa71fc075a5fee31c46e183d768891b2fa7d654d1,JPYC-WETH,0x417602f4fbdd471a431ae29fb5fe0a681964c11b,JPYC,18,0x6a023ccd1ff6f2045c3309768ead9e68f978f6e1,WETH,18,2.35689473
0xe11fa0d2b186562f39bf3bcae1666eef4821f22d,AAVE-WXDAI,0xdf613af6b44a31299e48131e9347f034347e2f00,AAVE,18,0xe91d153e0b41518a2ce8dd3d7944fa863463a97d,WXDAI,18,2.206223214
0x07c81393d1504485081ea46c035738df9cd4dfe3,WETH-STAKE,0x6a023ccd1ff6f2045c3309768ead9e68f978f6e1,WETH,18,0xb7d311e2eb55f2f68a9440da38e7989210b9a05e,STAKE,18,4.285745312
0x1f319dfe72876320ae9db476b12cf6d8c88d9473,FLOKI Variant-WXDAI,0x3bda0f0b842bbb31baef6bdd1cb89c3814b7c0a2,FLOKI Variant,18,0xe91d153e0b41518a2ce8dd3d7944fa863463a97d,WXDAI,18,2.086010762
0x9fb526b33b2af62f7deb403bfc8723cfb474f3fb,renBTC-USDT,0x4a88248baa5b39bb4a9caa697fb7f8ae0c3f0ddb,renBTC,8,0x4ecaba5870353805a9f068101a40e0f32ed605c6,USDT,6,1.509403618
0xaec0f150d9583a2095cad3dd14a40b0e260577dc,renBTC-WXDAI,0x4a88248baa5b39bb4a9caa697fb7f8ae0c3f0ddb,renBTC,8,0xe91d153e0b41518a2ce8dd3d7944fa863463a97d,WXDAI,18,1.492495748
0x336304671ad278ee5d0e0074b24a9b21764a313f,renBTC-USDC,0x4a88248baa5b39bb4a9caa697fb7f8ae0c3f0ddb,renBTC,8,0xddafbb505ad214d7b80b1f830fccc89b60fb7a83,USDC,6,1.468925
0xb5ce0451b9a59d8c8f9337120168bb0ef5f8a504,HBTC-USDC,0xd87fcb23da48d4d9b70c6f39b46debb5d993ad19,HBTC,18,0xddafbb505ad214d7b80b1f830fccc89b60fb7a83,USDC,6,1.455658
0x9f9b070a0b380e76a61b0bbdea4c717af1b88904,USDT-BTCBR,0x4ecaba5870353805a9f068101a40e0f32ed605c6,USDT,6,0xb355f4f4cc84a9429a59d5c2b98d77016f7ec482,BTCBR,18,1.397280699
0xcc6ea72b0b6044840f81cc5472726c465e552619,WBTC-AMIS,0x8e5bbbb09ed1ebde8674cda39a0c169401db4252,WBTC,8,0xd51e1ddd116fff9a71c1b8feeb58113afa2b4d93,AMIS,9,1.396621399
0xd423e6cedd9106b7951b03197922174a4126c56a,xHEX-WXDAI,0x5ce190c0e5513f97a22b476e111957b84866d7e3,xHEX,5,0xe91d153e0b41518a2ce8dd3d7944fa863463a97d,WXDAI,18,1.385618645
0x558d221a5dfb9a2a60f7341695af485105433150,rkl-WXDAI,0x2df5912439d2d14d04a7742346508505288ef367,rkl,18,0xe91d153e0b41518a2ce8dd3d7944fa863463a97d,WXDAI,18,1.221266179
0x8093ff4942c10c548da6fd2edf1f486325976e4e,CRV-WXDAI,0x712b3d230f3c1c19db860d80619288b1f0bdd0bd,CRV,18,0xe91d153e0b41518a2ce8dd3d7944fa863463a97d,WXDAI,18,1.2059588
0x0c64826d4152f13208a6d32149407e27f6d5e133,YFI-USDC,0xbf65bfcb5da067446cee6a706ba3fe2fb1a9fdfd,YFI,18,0xddafbb505ad214d7b80b1f830fccc89b60fb7a83,USDC,6,1.133218
0xd55c816f285d32f793a5a5cc00a60c3082529e7d,SOCKS-WXDAI,0x35f346cb4149746272974a92d719fd48ae2f72fa,SOCKS,18,0xe91d153e0b41518a2ce8dd3d7944fa863463a97d,WXDAI,18,1.130851988
0xdb88e1f1209c55ca78abd028abb05c8e0363a0b8,WBTC-HBTC,0x8e5bbbb09ed1ebde8674cda39a0c169401db4252,WBTC,8,0xd87fcb23da48d4d9b70c6f39b46debb5d993ad19,HBTC,18,1.130895973
0x80594295e72b600ba7a84afdd11963cf283deb30,SOCKS-USDT,0x35f346cb4149746272974a92d719fd48ae2f72fa,SOCKS,18,0x4ecaba5870353805a9f068101a40e0f32ed605c6,USDT,6,1.127714143
0xa6f4594c07165c7daaf5d8546ff7883c90c1010c,SOCKS-USDC,0x35f346cb4149746272974a92d719fd48ae2f72fa,SOCKS,18,0xddafbb505ad214d7b80b1f830fccc89b60fb7a83,USDC,6,1.12106
0x003d4ad6e11d335e3ccf1e74186d8b38134d9b70,NODE-WXDAI,0xc60e38c6352875c051b481cbe79dd0383adb7817,NODE,18,0xe91d153e0b41518a2ce8dd3d7944fa863463a97d,WXDAI,18,1.109599847
0xa5205e3c5b7ed57eae454e73f614df0399fedef5,CPRX-WXDAI,0x9c64d46cff7735cb3ffda84589c00fecda5731c4,CPRX,18,0xe91d153e0b41518a2ce8dd3d7944fa863463a97d,WXDAI,18,1.103079732
0x4863ad2bad9744b8ffdbb20716e77418d489b8c7,USDC-WXDAI,0xd10cc63531a514bba7789682e487add1f15a51e2,USDC,18,0xe91d153e0b41518a2ce8dd3d7944fa863463a97d,WXDAI,18,1.094540044
0xeace94cc664c68074786656380fa5277a2133253,mFOOD-WXDAI,0x938fcc98529e129b6e13ff3756091f5b193706f8,mFOOD,18,0xe91d153e0b41518a2ce8dd3d7944fa863463a97d,WXDAI,18,1.050878662
0x0ebe8070f4c8c0b94dcc8ff509e3f304f008ac27,mCOPPER-WXDAI,0x828b6f1020e44b734143c18ba754ba84ff45437e,mCOPPER,18,0xe91d153e0b41518a2ce8dd3d7944fa863463a97d,WXDAI,18,1.046341236
0x313ffd3604d1d7ccd5b8f3d4e6a01aff11e0ab4e,mWEAPON-WXDAI,0x3129d6712bf8d66853c9d5f792675ce690c559cb,mWEAPON,18,0xe91d153e0b41518a2ce8dd3d7944fa863463a97d,WXDAI,18,0.999621882
0xc536ea9d3ebcd29b8526ddd11449cff69f241f8e,CALI-WXDAI,0x06f7786c70113cd4b4f2d1184f81f9308898dac2,CALI,18,0xe91d153e0b41518a2ce8dd3d7944fa863463a97d,WXDAI,18,0.998824791
0x8dc7500b89486b6f795d6749712e38b3cfa58488,FM-WXDAI,0x03943c3ef00d92e130185cebc0bcc435def2cc94,FM,18,0xe91d153e0b41518a2ce8dd3d7944fa863463a97d,WXDAI,18,1.000364923
0x2b3d63d03ee99bab88b3859d2ad028f9a24e37bf,Cedge-WXDAI,0x05b4d48996dadb726d2e48e9eaa272f8ed900f64,Cedge,18,0xe91d153e0b41518a2ce8dd3d7944fa863463a97d,WXDAI,18,1.003482939
0x58c450041b55db71302f9b4eadbce6abcf08a597,ALIENO-USDT,0x1141fe08970c99dda204d565af7730870c46700f,ALIENO,18,0x4ecaba5870353805a9f068101a40e0f32ed605c6,USDT,6,0.999125468
0xda54d2c9536bf206eadf47a41746598f077d3897,BTCTRADE-USDC,0x041074fd2e67222fb94f4cf3e4036ee389dd3bab,BTCTRADE,18,0xddafbb505ad214d7b80b1f830fccc89b60fb7a83,USDC,6,0.99787
0x6844145a9832d0c62b8a9b4c5e03faeba7940f39,DAI-WXDAI,0x607c9975c01871f5d09ce2b4da627571637ecc43,DAI,18,0xe91d153e0b41518a2ce8dd3d7944fa863463a97d,WXDAI,18,0.998144361
0x79bcbb14ffd2b0c860b7a412f3d4bf03b9ed0525,mWOOD-WXDAI,0x664795b9c968862a1a7b41e4c2b6ad06a0fc9905,mWOOD,18,0xe91d153e0b41518a2ce8dd3d7944fa863463a97d,WXDAI,18,0.986697827
0x585536565e45572db57b12f71f92d06ebbde16b1,IRR-WXDAI,0xe29399c250e5e37ec187cc7ed4b375bb1a832911,IRR,18,0xe91d153e0b41518a2ce8dd3d7944fa863463a97d,WXDAI,18,0.970373228
0x84cea3e57abe47dd8ca73f873ea099d36bfd4147,yDAI+yUSDC+yUSDT+yTUSD-WETH,0x22bd2a732b39dace37ae7e8f50a186f3d9702e87,yDAI+yUSDC+yUSDT+yTUSD,18,0x6a023ccd1ff6f2045c3309768ead9e68f978f6e1,WETH,18,0.891051143
0x8d77f719124306240dad081579e775249743f6b9,WETH-NODE,0x6a023ccd1ff6f2045c3309768ead9e68f978f6e1,WETH,18,0xc60e38c6352875c051b481cbe79dd0383adb7817,NODE,18,0.86336731
0xdf8b276bf04b1bc17ca87a953d0bfd2393fd3bcf,RETH-WXDAI,0x97734cdd21944955fc7ddefa8a75038e66b3d726,RETH,18,0xe91d153e0b41518a2ce8dd3d7944fa863463a97d,WXDAI,18,0.849111701
0x52b8b166eebb038032de1b7dccb91a128f97ccad,WXDAI-XGT,0xe91d153e0b41518a2ce8dd3d7944fa863463a97d,WXDAI,18,0xf1738912ae7439475712520797583ac784ea9033,XGT,18,0.779565851
0xcbddd6ee1f9cf3bbb8c700d4d5aaf2c603b62ced,USDT-BTCBR,0x4ecaba5870353805a9f068101a40e0f32ed605c6,USDT,6,0xa899e4476ff5da39dcd9ddec7a6e2c651d8614bf,BTCBR,18,0.675490421
0xac19ad43751506c7052380197388f383da07806d,WETH-BTCBR,0x6a023ccd1ff6f2045c3309768ead9e68f978f6e1,WETH,18,0xa899e4476ff5da39dcd9ddec7a6e2c651d8614bf,BTCBR,18,0.674743241
0x4e620eced8157364772950b8618bf0583ddb64d6,TECH-WXDAI,0xb7d918d7631fcdd0954205e3a6b205a10a31a085,TECH,18,0xe91d153e0b41518a2ce8dd3d7944fa863463a97d,WXDAI,18,0.653010548
0xe11ace1dc118f77ac5c37801691fec4257af3e22,HAUS-USDC,0xb0c5f3100a4d9d9532a4cfd68c55f1ae8da987eb,HAUS,18,0xddafbb505ad214d7b80b1f830fccc89b60fb7a83,USDC,6,0.644794
0x0e8e2df9d08cfef832e18431f50184e94f3e70a4,BORED-WXDAI,0x5b012fc24d31daaf3a7e1753763ed6be169552c9,BORED,9,0xe91d153e0b41518a2ce8dd3d7944fa863463a97d,WXDAI,18,0.597703608
0x084f755b56f26883ff3b80b744b3addd3872ab73,HBTC-WXDAI,0xd87fcb23da48d4d9b70c6f39b46debb5d993ad19,HBTC,18,0xe91d153e0b41518a2ce8dd3d7944fa863463a97d,WXDAI,18,0.590585704
0xc6f8decfb282d13de0722bc7f0150ef0b8e40d87,USDT-HBTC,0x4ecaba5870353805a9f068101a40e0f32ed605c6,USDT,6,0xd87fcb23da48d4d9b70c6f39b46debb5d993ad19,HBTC,18,0.587853669
0xfe801f7b10d0d0d2ab32a175396910087ee82de0,WETH-RETH,0x6a023ccd1ff6f2045c3309768ead9e68f978f6e1,WETH,18,0x97734cdd21944955fc7ddefa8a75038e66b3d726,RETH,18,0.577741566
0x3a99016cbe6f6f326184a90e512c3fe2832e6127,FRACTION-WXDAI,0x2bf2ba13735160624a0feae98f6ac8f70885ea61,FRACTION,18,0xe91d153e0b41518a2ce8dd3d7944fa863463a97d,WXDAI,18,0.570027907
0x8acafbc2a75aae1e8fa5d0c64e04dcccf10d0797,SHIB-WXDAI,0x4ea1172f4c4e8e8d3c9e1be4269b696bf19d24fe,SHIB,18,0xe91d153e0b41518a2ce8dd3d7944fa863463a97d,WXDAI,18,0.559722332
0xa4c59cb73dd7015b7fbc6de5fff0c548ade2d159,COW-WXDAI,0x177127622c4a00f3d409b75571e12cb3c8973d3c,COW,18,0xe91d153e0b41518a2ce8dd3d7944fa863463a97d,WXDAI,18,0.513406488
0x96fb3fccf86c03e66fbb7a473f266d5ba47f139b,yDAI+yUSDC+yUSDT+yTUSD-USDC,0x22bd2a732b39dace37ae7e8f50a186f3d9702e87,yDAI+yUSDC+yUSDT+yTUSD,18,0xddafbb505ad214d7b80b1f830fccc89b60fb7a83,USDC,6,0.479465
0xec009145579380961a6de023fb3c308be727c707,USDT-1INCH,0x4ecaba5870353805a9f068101a40e0f32ed605c6,USDT,6,0x7f7440c5098462f833e123b44b8a03e1d9785bab,1INCH,18,0.446805189
0x9ac476192084bd771b712d8cd81bbd78aa5a1015,1INCH-USDC,0x7f7440c5098462f833e123b44b8a03e1d9785bab,1INCH,18,0xddafbb505ad214d7b80b1f830fccc89b60fb7a83,USDC,6,0.444439
0x9b13543d94ae3fdb3921eca1d298e54e2d8802bb,1INCH-WXDAI,0x7f7440c5098462f833e123b44b8a03e1d9785bab,1INCH,18,0xe91d153e0b41518a2ce8dd3d7944fa863463a97d,WXDAI,18,0.436849738
0x972231cf8248183dfd24f6bd6c416bd170f7c33f,stPNK-USDC,0xcb3231aba3b451343e0fddfc45883c842f223846,stPNK,18,0xddafbb505ad214d7b80b1f830fccc89b60fb7a83,USDC,6,0.402888
0x1c932bb96761fafff0fcf1eec8c7ea6964a1024c,PEPIT-WXDAI,0xdd34951bb5f473af4b826b1ace0e89e290377d0b,PEPIT,18,0xe91d153e0b41518a2ce8dd3d7944fa863463a97d,WXDAI,18,0.387081636
0x73c2dab03054731edde1b31d24e6df58f68cdfcb,WETH-GFI,0x6a023ccd1ff6f2045c3309768ead9e68f978f6e1,WETH,18,0x9427a2a738affbc5880f0646b5251069c022e525,GFI,18,0.38594597
0xe28816c006f3dd326aca767490275000009a510e,FRACTION-WBTC,0x2bf2ba13735160624a0feae98f6ac8f70885ea61,FRACTION,18,0x8e5bbbb09ed1ebde8674cda39a0c169401db4252,WBTC,8,0.385022626
0x03b7e6d8165033b8be026ca6a0cad0c92078cc0b,BAO.cx-WXDAI,0xe0d0b1dbbcf3dd5cac67edaf9243863fd70745da,BAO.cx,18,0xe91d153e0b41518a2ce8dd3d7944fa863463a97d,WXDAI,18,0.380512406
0x71bb837f499d96b8d659116c54c2a7b5c2fa71f0,yDAI+yUSDC+yUSDT+yTUSD-WBTC,0x22bd2a732b39dace37ae7e8f50a186f3d9702e87,yDAI+yUSDC+yUSDT+yTUSD,18,0x8e5bbbb09ed1ebde8674cda39a0c169401db4252,WBTC,8,0.372110796
0x703a5460781504975c341ca24a6ac6e81aa1ca66,yDAI+yUSDC+yUSDT+yTUSD-WXDAI,0x22bd2a732b39dace37ae7e8f50a186f3d9702e87,yDAI+yUSDC+yUSDT+yTUSD,18,0xe91d153e0b41518a2ce8dd3d7944fa863463a97d,WXDAI,18,0.347188531
0x2d248d382d9fbcf933a01df5443a082df3220bff,SHIB-WETH,0x4ea1172f4c4e8e8d3c9e1be4269b696bf19d24fe,SHIB,18,0x6a023ccd1ff6f2045c3309768ead9e68f978f6e1,WETH,18,0.341619434
0x2178a1cd65f328ce2402ed97b36fb5b6c2513bf1,SHIB-WBTC,0x4ea1172f4c4e8e8d3c9e1be4269b696bf19d24fe,SHIB,18,0x8e5bbbb09ed1ebde8674cda39a0c169401db4252,WBTC,8,0.324359766
0x2ce1e40f97ab15090d5bc08b70399943f4c70a57,DAI-WBTC,0x44fa8e6f47987339850636f88629646662444217,DAI,18,0x8e5bbbb09ed1ebde8674cda39a0c169401db4252,WBTC,8,0.645619996
0x22acea0a4c5447c7720c5f730658bcfb4f82495b,WETH-BAO,0x6a023ccd1ff6f2045c3309768ead9e68f978f6e1,WETH,18,0x82dfe19164729949fd66da1a37bc70dd6c4746ce,BAO,18,0.63709256
0x20cd886566dd730c0db114d1355cd9eff3146cc1,WETH-CRV,0x6a023ccd1ff6f2045c3309768ead9e68f978f6e1,WETH,18,0x712b3d230f3c1c19db860d80619288b1f0bdd0bd,CRV,18,0.315191594
0x5b06cc963f8a23f84e94f9b84f1e3ebfcb51cf18,WXDAI-GRT,0xe91d153e0b41518a2ce8dd3d7944fa863463a97d,WXDAI,18,0xfadc59d012ba3c110b08a15b7755a5cb7cbe77d7,GRT,18,0.283222631
0xeecca5ee96219980bec3c911aa5c77554f582ce2,xCOMB-WXDAI,0x38fb649ad3d6ba1113be5f57b927053e97fc5bf7,xCOMB,18,0xe91d153e0b41518a2ce8dd3d7944fa863463a97d,WXDAI,18,0.267506099
0xe7b2c879397f9164d8c98e279d7bbb49c160cb90,WXDAI-DAI,0xe91d153e0b41518a2ce8dd3d7944fa863463a97d,WXDAI,18,0xfc8b2690f66b46fec8b3ceeb95ff4ac35a0054bc,DAI,18,0.241816462
0xbf3192ccd2f5d9dd9a7633d9343c397b3be743c7,DIGG-WETH,0x6185b184b3bbd36331a7430a61d59c8ef2845c39,DIGG,9,0x6a023ccd1ff6f2045c3309768ead9e68f978f6e1,WETH,18,0.24071955
0x271a1b9d870a23e7faa87c0648ccdd45f44c05fa,WETH-HNY,0x6a023ccd1ff6f2045c3309768ead9e68f978f6e1,WETH,18,0x71850b7e9ee3f13ab46d67167341e4bdc905eef9,HNY,18,0.217385317
0x68d1019cf5185f34f425418ab7a11d8639a14eb7,GFI-WXDAI,0x9427a2a738affbc5880f0646b5251069c022e525,GFI,18,0xe91d153e0b41518a2ce8dd3d7944fa863463a97d,WXDAI,18,0.201571117
0xef587239c475ae9a39708bc2e8aa98ae88e340f9,UNI-V2-WETH,0x504b0c1e18b3045d69d8652ff6277a2835681075,UNI-V2,18,0x6a023ccd1ff6f2045c3309768ead9e68f978f6e1,WETH,18,0.192802294
0x566787730003a53b7c90e93cfa94f4e898ac40ee,mCOPPER-WXDAI,0x3360ce87000aa67e2c8e7737adf2a1dd3290845b,mCOPPER,18,0xe91d153e0b41518a2ce8dd3d7944fa863463a97d,WXDAI,18,0.180723612
0xe7064aa664813e270297782a1e19025412ef9595,GOD-WXDAI,0x604b30e09d0a0d07dbb5b9bb168bef13d946aa3b,GOD,18,0xe91d153e0b41518a2ce8dd3d7944fa863463a97d,WXDAI,18,0.15496492
0xf2db50c16749d8d036b62795c86ac43bc2238aa6,POA20-WXDAI,0x985e144eb355273c4b4d51e448b68b657f482e26,POA20,18,0xe91d153e0b41518a2ce8dd3d7944fa863463a97d,WXDAI,18,0.151553159
0xf4605ab73f3c8ce091f49da5728d292ee66bf2e0,mWEAPON-WXDAI,0x7b797465297e1df393daec8c502b5a7d19e7e816,mWEAPON,18,0xe91d153e0b41518a2ce8dd3d7944fa863463a97d,WXDAI,18,0.144433641
0x884b867546c401b33edad0bc73ecd3ac98c4fae1,xBRICK-WXDAI,0x2f9cebf5de3bc25e0643d0e66134e5bf5c48e191,xBRICK,18,0xe91d153e0b41518a2ce8dd3d7944fa863463a97d,WXDAI,18,0.143220297
0x8a375e559a60977ee7144973e38123c176d16e81,META-WXDAI,0xb22f258ecb9e05678bb8bb81615a6c5a5996d8d7,META,18,0xe91d153e0b41518a2ce8dd3d7944fa863463a97d,WXDAI,18,0.109737022
0x053dbf93fb8810b09ef4557d76532f9898fb9dde,SBC-WXDAI,0x3b6a1b76d772a771bf3fce802bead6ff196b84d5,SBC,18,0xe91d153e0b41518a2ce8dd3d7944fa863463a97d,WXDAI,18,0.109856437
0x75a74f489daafcec8e488174693450908b29b268,GFI-USDC,0x9427a2a738affbc5880f0646b5251069c022e525,GFI,18,0xddafbb505ad214d7b80b1f830fccc89b60fb7a83,USDC,6,0.101825
0xb755b8821a4b2e21c9d52f8bc3cd8e819dc643f3,FACT-WXDAI,0xb5c41504a0bbefeb903c5ce076976bb17c02f2b3,FACT,18,0xe91d153e0b41518a2ce8dd3d7944fa863463a97d,WXDAI,18,0.100935319
0x0f9820f16b25df915ed69474907aa65c2f987d89,TERC-USDC,0x35daac2321a8c32f4f266c9166ac05f394e67630,TERC,18,0xddafbb505ad214d7b80b1f830fccc89b60fb7a83,USDC,6,0.1
0xa5a371cc0bbb08b9c4e4cb8972735727da645f05,HUSD-WXDAI,0x1e37e5b504f7773460d6eb0e24d2e7c223b66ec7,HUSD,8,0xe91d153e0b41518a2ce8dd3d7944fa863463a97d,WXDAI,18,0.099001527
0xd054d84f40a2154d13dabc8a4d60550521001a7b,YFI-WXDAI,0xbf65bfcb5da067446cee6a706ba3fe2fb1a9fdfd,YFI,18,0xe91d153e0b41518a2ce8dd3d7944fa863463a97d,WXDAI,18,0.089507955
0x78a48718aa68d4880b19db221c7ae43b5e7934b5,WXDAI-mFOOD,0xe91d153e0b41518a2ce8dd3d7944fa863463a97d,WXDAI,18,0xf57b246c67f86361f3156b78337785db893d8f9d,mFOOD,18,0.086599998
0x7661feeea97179244b8343e0db044f9f1765e4d2,DAI-WXDAI,0x44fa8e6f47987339850636f88629646662444217,DAI,18,0xe91d153e0b41518a2ce8dd3d7944fa863463a97d,WXDAI,18,0.154674657
0x8840cc3c16a131fe83663273099d5191a6a10e5f,WETH-LINK,0x6a023ccd1ff6f2045c3309768ead9e68f978f6e1,WETH,18,0xe2e73a1c69ecf83f464efce6a5be353a37ca09b2,LINK,18,0.152500957
0xedfa39019c32aa0f00a464a11dd3f73bf45866bf,PAXG-USDC,0x3e76f9caaf9b47089810b4579c598228735e7a11,PAXG,18,0xddafbb505ad214d7b80b1f830fccc89b60fb7a83,USDC,6,0.06
0x11336346b593f257629e80ecc8017a86d3418acf,WBTC-USDC,0x8e5bbbb09ed1ebde8674cda39a0c169401db4252,WBTC,8,0xddafbb505ad214d7b80b1f830fccc89b60fb7a83,USDC,6,0.119070777
0xd081f4765bdb8a50500935db7df398af88e50759,SWPR-WXDAI,0x532801ed6f82fffd2dab70a19fc2d7b2772c4f4b,SWPR,18,0xe91d153e0b41518a2ce8dd3d7944fa863463a97d,WXDAI,18,0.059402485
0x19314ff9e66066e7a71ae2b8743602961b5588e1,USDC-DOT,0xddafbb505ad214d7b80b1f830fccc89b60fb7a83,USDC,6,0xe51cf68301b30b06c72d38f5314fa85c94c8e5f1,DOT,18,0.045091
0xbc83f5a4b2397e3c2004d907614a2dfc73ff22f4,WETH-TECH,0x6a023ccd1ff6f2045c3309768ead9e68f978f6e1,WETH,18,0xb7d918d7631fcdd0954205e3a6b205a10a31a085,TECH,18,0.044939485
0x2d563c93f0ef44873ca61260a587a92c22738298,TRINI-WETH,0x4accf43c858ac40555fe1ddf5806bcbc1612a4c3,TRINI,18,0x6a023ccd1ff6f2045c3309768ead9e68f978f6e1,WETH,18,0.043956586
0xabdc9b2151c8af9cf943a568d4e70d63011a8f15,DOT-WXDAI,0xe51cf68301b30b06c72d38f5314fa85c94c8e5f1,DOT,18,0xe91d153e0b41518a2ce8dd3d7944fa863463a97d,WXDAI,18,0.042711227
0x1a098c46b359cb43dc5b5f662d263943dfcf8552,FLUX-WXDAI,0x09edb67b19840bb084cbde3b9b15edb954295219,FLUX,18,0xe91d153e0b41518a2ce8dd3d7944fa863463a97d,WXDAI,18,0.041640318
0x1c117068ddc06a4f48a25bd1c9022fd2fe45b544,mWOOD-WXDAI,0xa0f39175bcaf930dda518449e73983edb0f42422,mWOOD,18,0xe91d153e0b41518a2ce8dd3d7944fa863463a97d,WXDAI,18,0.041585521
0xe0a7bffe0bc45656a96aadf84bb31c6ef30bb46c,TVT-WXDAI,0x5c6ce82f2787b6a5d23490421534779453099447,TVT,18,0xe91d153e0b41518a2ce8dd3d7944fa863463a97d,WXDAI,18,0.040484407
0x0a4fd4b8ba19c42218bde899db35de6622927053,USDT-WETH,0x4ecaba5870353805a9f068101a40e0f32ed605c6,USDT,6,0x6a023ccd1ff6f2045c3309768ead9e68f978f6e1,WETH,18,0.080232711
0x3425638f494a9968a551cd6f001725e39cbd6f1a,DAI.CPXD-WXDAI,0x26f2319fbb44772e0ed58fb7c99cf8da59e2b5be,DAI.CPXD,18,0xe91d153e0b41518a2ce8dd3d7944fa863463a97d,WXDAI,18,0.036712298
0x68d78aae0da403a0960d45e5e3bc50ec83f37166,STAKE-USDC,0xb7d311e2eb55f2f68a9440da38e7989210b9a05e,STAKE,18,0xddafbb505ad214d7b80b1f830fccc89b60fb7a83,USDC,6,0.071351855
0x3da5e59ec8745c83da47b9b5e0512113d4b658fa,SUSHI-USDT,0x2995d1317dcd4f0ab89f4ae60f3f020a4f17c7ce,SUSHI,18,0x4ecaba5870353805a9f068101a40e0f32ed605c6,USDT,6,0.030252972
0xa24451027ccb30f16060d795f2ec3b4a81242443,EBC-WXDAI,0xbb22cb4ea1fef5431c270a601412740da0765a50,EBC,18,0xe91d153e0b41518a2ce8dd3d7944fa863463a97d,WXDAI,18,0.030036822
0x56ad761aca7907af4a7a618a32cabaf5c5f6d4f8,SUSHI-WBTC,0x2995d1317dcd4f0ab89f4ae60f3f020a4f17c7ce,SUSHI,18,0x8e5bbbb09ed1ebde8674cda39a0c169401db4252,WBTC,8,0.02678806
0x526bf4c4149867613a02a173ace4e7a199b500d5,WETH-AAVE,0x6a023ccd1ff6f2045c3309768ead9e68f978f6e1,WETH,18,0xdf613af6b44a31299e48131e9347f034347e2f00,AAVE,18,0.026209491
0x3fd95e5ebcf58a2c75cb3f6540af25614c9aa517,USDT-DOT,0x4ecaba5870353805a9f068101a40e0f32ed605c6,USDT,6,0xe51cf68301b30b06c72d38f5314fa85c94c8e5f1,DOT,18,0.025733828
0x4f68cf7c2e86827c297fc3f1253f7b10e05b9ae6,DATA-WXDAI,0xe4a2620ede1058d61bee5f45f6414314fdf10548,DATA,18,0xe91d153e0b41518a2ce8dd3d7944fa863463a97d,WXDAI,18,0.025507131
0xf24d0c79dbc85ff1741e6ef0dad9c076cc0cd420,JPYC-WBTC,0x417602f4fbdd471a431ae29fb5fe0a681964c11b,JPYC,18,0x8e5bbbb09ed1ebde8674cda39a0c169401db4252,WBTC,8,0.023167822
0x03bb380639c591c85b5824d2c1af20354bcfbfde,WETH-YFI,0x6a023ccd1ff6f2045c3309768ead9e68f978f6e1,WETH,18,0xbf65bfcb5da067446cee6a706ba3fe2fb1a9fdfd,YFI,18,0.020708924
0xc5bba45226f32c99ea898d6dc1210e90dbb33352,MIVA-WXDAI,0x63e62989d9eb2d37dfdb1f93a22f063635b07d51,MIVA,18,0xe91d153e0b41518a2ce8dd3d7944fa863463a97d,WXDAI,18,0.020485588
0xe9ad744f00f9c3c2458271b7b9f30cce36b74776,GNO-USDC,0x9c58bacc331c9aa871afd802db6379a98e80cedb,GNO,18,0xddafbb505ad214d7b80b1f830fccc89b60fb7a83,USDC,6,0.034676519
0x97a80b6d219f271bcb27f964f723ad90550b4c10,NEXO-WXDAI,0xd2206ddb296d67bc6eaa6a69675575013f44642d,NEXO,18,0xe91d153e0b41518a2ce8dd3d7944fa863463a97d,WXDAI,18,0.01706711
0x683f788335ea67e2fad4f6d29cfa89115e86c21a,ENJ-WXDAI,0x5a757f0bcadfdb78651b7bdbe67e44e8fd7f7f6b,ENJ,18,0xe91d153e0b41518a2ce8dd3d7944fa863463a97d,WXDAI,18,0.016872016
0x5e64813e505943680e0e86c2dd214244e0366b6a,USDT-WBTC,0x4ecaba5870353805a9f068101a40e0f32ed605c6,USDT,6,0x8e5bbbb09ed1ebde8674cda39a0c169401db4252,WBTC,8,0.031162885
0x5c736ac3168b7908c2b3643cab33980f75b4bd49,G$G-WXDAI,0xa34c5b56d440dee69ad8dc17ec655a1c27035c5e,G$G,18,0xe91d153e0b41518a2ce8dd3d7944fa863463a97d,WXDAI,18,0.014914035
0x7cdaef050787f44aa7e317b1026fbf6186989412,RAID-WXDAI,0x18e9262e68cc6c6004db93105cc7c001bb103e49,RAID,18,0xe91d153e0b41518a2ce8dd3d7944fa863463a97d,WXDAI,18,0.014289284
0x8f0f0acb8413ea3a3d967803735864d6fb12fe73,COW-WETH,0x177127622c4a00f3d409b75571e12cb3c8973d3c,COW,18,0x6a023ccd1ff6f2045c3309768ead9e68f978f6e1,WETH,18,0.011043256
0xf279e14966d21768bb2abdda6bcd90fffd1370cc,CARD-WXDAI,0xb0102a005090d6d3dfd7e26094d952707c42b086,CARD,18,0xe91d153e0b41518a2ce8dd3d7944fa863463a97d,WXDAI,18,0.010907676
0x353b9a6d678ea8543ebff191a4d49ea199882e47,SEX-WXDAI,0x9327673bc32a6f22f4e778941ecc6d066f132f4b,SEX,18,0xe91d153e0b41518a2ce8dd3d7944fa863463a97d,WXDAI,18,0.010794409
0xde09f65c3f175d6dab2b5fe9e706f44c937196cc,WETH-NFTX,0x6a023ccd1ff6f2045c3309768ead9e68f978f6e1,WETH,18,0x8e1a12da00bbf9db10d48bd66ff818be933964d5,NFTX,18,0.01072365
0x128365424f8c80905241b370e64901fb089c2436,MRP-WXDAI,0xcc043d8820a6dc3e74ef6fb4772fae00c1563489,MRP,18,0xe91d153e0b41518a2ce8dd3d7944fa863463a97d,WXDAI,18,0.010192394
0xb985203d43b0cb45b105dcf350521e3af943ba3b,XMN-WXDAI,0x5d9a3948a688aa40b5f2e1ab58b80872fff038a7,XMN,9,0xe91d153e0b41518a2ce8dd3d7944fa863463a97d,WXDAI,18,0.010118949
0xcb1674ec016b54ae411b1b57a496aff91b22c61d,GTT-WXDAI,0x9060db9b7e100756f35415d0c98cdcdf395a8553,GTT,18,0xe91d153e0b41518a2ce8dd3d7944fa863463a97d,WXDAI,18,0.01003288
0x3e56fab42b05e558205b1a18de92e9d6deffc415,MVPGANG-WXDAI,0x25fc0ba82f11206e4fc796795c5332ccb5f74750,MVPGANG,18,0xe91d153e0b41518a2ce8dd3d7944fa863463a97d,WXDAI,18,0.009970432
0x66aa502888be47407a89bc72ef1d4d77d702ce4e,WETH-CNDL,0x6a023ccd1ff6f2045c3309768ead9e68f978f6e1,WETH,18,0x831c475a2933692c977a6223a4df7542c9df4e55,CNDL,18,0.009462602
0x61c95d43d9d2f4971f665f843c8160e78d26764c,JPYC-USDC,0x417602f4fbdd471a431ae29fb5fe0a681964c11b,JPYC,18,0xddafbb505ad214d7b80b1f830fccc89b60fb7a83,USDC,6,0.008931
0xc708463eef86af1cbd3d31f3da69714df67b1328,PAXG-WXDAI,0x2f58c68404a7a218246abd6336e9bc0460a6e366,PAXG,18,0xe91d153e0b41518a2ce8dd3d7944fa863463a97d,WXDAI,18,0.008694805
0x44640e8835044d8768329f9e1eeb6acec5dd2834,WETH-GTPS,0x6a023ccd1ff6f2045c3309768ead9e68f978f6e1,WETH,18,0xe5bd065be71af001e89fe04914662870c40542c8,GTPS,18,0.008654933
0xbe51a96ec6b69e878b989a7be61380905fab4075,WETH-WXDAI,0xe803f5c81b69e0fba3e15c3d08730effc3811143,WETH,18,0xe91d153e0b41518a2ce8dd3d7944fa863463a97d,WXDAI,18,0.007805188
0x74adbef6f489d5b469727005f88cf86f980ad687,ACCESS-WXDAI,0x5512d2cfe7e1d78b9f7446124dccde02e4c7f5bb,ACCESS,18,0xe91d153e0b41518a2ce8dd3d7944fa863463a97d,WXDAI,18,0.007586168
0xc1cfd03efc95e7d922ecfe60820c506408bd998e,DAIX-WXDAI,0x4ef1d9a329a0cb0658156aff55c406cc4393a987,DAIX,18,0xe91d153e0b41518a2ce8dd3d7944fa863463a97d,WXDAI,18,0.006049364
0xb3ef3d1a71ed96d77b8506205250048187f4b911,BADGER-WXDAI,0xdfc20ae04ed70bd9c7d720f449eedae19f659d65,BADGER,18,0xe91d153e0b41518a2ce8dd3d7944fa863463a97d,WXDAI,18,0.005882358
0x8af96ce8c29f9f4393afbf3e62d905b65e1b6f22,ZAP-WXDAI,0xe4dec344b9d689b7f85c67478feb07625381080e,ZAP,18,0xe91d153e0b41518a2ce8dd3d7944fa863463a97d,WXDAI,18,0.004494098
0x2c5a0002da59f3012ebc4ae958e8cfb2eccf7317,WETH-COMP,0x6a023ccd1ff6f2045c3309768ead9e68f978f6e1,WETH,18,0xdf6ff92bfdc1e8be45177dc1f4845d391d3ad8fd,COMP,18,0.003638261
0xfc9812e4c8a73e29cac9342c45e2da22353a3b9e,WXDAI-METH,0xe91d153e0b41518a2ce8dd3d7944fa863463a97d,WXDAI,18,0xfcb5df42e06a39e233dc707bb3a80311efd11576,METH,18,0.00334789
0x50d6bf2006fb271094e9c81e9f88bc8b220dfc9f,MKR-WETH,0x5fd896d248fbfa54d26855c267859eb1b4daee72,MKR,18,0x6a023ccd1ff6f2045c3309768ead9e68f978f6e1,WETH,18,0.002989484
0x4e0bb5f1b2897b481fa5db973dc43fd01b68bf09,USDT-WETH,0x4ecaba5870353805a9f068101a40e0f32ed605c6,USDT,6,0xe803f5c81b69e0fba3e15c3d08730effc3811143,WETH,18,0.002797425
0x3d0af734a22bfce7122dbc6f37464714557ef41f,WETH-DPI,0x6a023ccd1ff6f2045c3309768ead9e68f978f6e1,WETH,18,0xd3d47d5578e55c880505dc40648f7f9307c3e7a8,DPI,18,0.002382694
0x7f322cecdff95f372e5019a6b9fb2b85dd25e054,NFTX-WXDAI,0x8e1a12da00bbf9db10d48bd66ff818be933964d5,NFTX,18,0xe91d153e0b41518a2ce8dd3d7944fa863463a97d,WXDAI,18,0.002223956
0x262233ceaffd5175aabf2989fd0fb240c6299918,WBTC-STAKE,0x8e5bbbb09ed1ebde8674cda39a0c169401db4252,WBTC,8,0xb7d311e2eb55f2f68a9440da38e7989210b9a05e,STAKE,18,0.003793248
0xb926926dc4b1cbbaa4df9b7b40f2c5f9de4a05a6,CEL-WXDAI,0x0acd91f92fe07606ab51ea97d8521e29d110fd09,CEL,4,0xe91d153e0b41518a2ce8dd3d7944fa863463a97d,WXDAI,18,0.002009495
0x2656df8085f7304afd7af4fb4e4c2712b930dbd9,USDT-STAKE,0x4ecaba5870353805a9f068101a40e0f32ed605c6,USDT,6,0xb7d311e2eb55f2f68a9440da38e7989210b9a05e,STAKE,18,0.003210315
0x44ed5d4c74deb0fa174200b6ffca4144f18c4374,xOWL-WETH,0x0905ab807f8fd040255f0cf8fa14756c1d824931,xOWL,18,0x6a023ccd1ff6f2045c3309768ead9e68f978f6e1,WETH,18,0.001676445
0x877f4566fd17d965e143c6bf6bb1410fa0b2a088,PRTCLE-WXDAI,0xb5d592f85ab2d955c25720ebe6ff8d4d1e1be300,PRTCLE,18,0xe91d153e0b41518a2ce8dd3d7944fa863463a97d,WXDAI,18,0.001647532
0x839370b4f1ff1b119c1256bd94b02550845e98d3,WETH-MATIC,0x6a023ccd1ff6f2045c3309768ead9e68f978f6e1,WETH,18,0x7122d7661c4564b7c6cd4878b06766489a6028a2,MATIC,18,0.001441746
0x9615809aae234d246befa306a25ae726e56f0da6,TOM-WXDAI,0x076c720f2c8287011875040b77f97016ba71964f,TOM,18,0xe91d153e0b41518a2ce8dd3d7944fa863463a97d,WXDAI,18,0.001384209
0xdc1aa12c34dce8e444203f060e3dc5c2caaeb1a4,FUK-WXDAI,0x74fa03a59ac443448e0eb9b4cb801595c9fabf70,FUK,18,0xe91d153e0b41518a2ce8dd3d7944fa863463a97d,WXDAI,18,0.001360918
0x01570ffb0cd318f5dfc5e4eddf8decdce7ce9f46,NCR-WXDAI,0xe7f5f654c57236a651f576155c63428432d03943,NCR,18,0xe91d153e0b41518a2ce8dd3d7944fa863463a97d,WXDAI,18,0.001356555
0x7da9e10e053f5bfb986c995c00309274353b2996,COW-USDC,0x177127622c4a00f3d409b75571e12cb3c8973d3c,COW,18,0xddafbb505ad214d7b80b1f830fccc89b60fb7a83,USDC,6,0.001343
0x72f31a6e975d67934fe6a3af43042344f7e6b4e0,USDC-L$G,0xddafbb505ad214d7b80b1f830fccc89b60fb7a83,USDC,6,0xe5e9abd4c65184bb1e2bbc595c7eb861b4bf9b43,L$G,18,0.00125
0x5a090cfbb4be50ff9be2c0afaa2d4497939abd01,MORTON-WXDAI,0x3bebc0425e929246bc3bd38530ab44af177ed80d,MORTON,18,0xe91d153e0b41518a2ce8dd3d7944fa863463a97d,WXDAI,18,0.001204792
0x77ad7a8bf28eeee488ab1fd04d153bc2134eb075,WETH-BADGER,0x6a023ccd1ff6f2045c3309768ead9e68f978f6e1,WETH,18,0xdfc20ae04ed70bd9c7d720f449eedae19f659d65,BADGER,18,0.00102391
0x7920ddff8665b55972028241105f11881a320e22,DCASH-WBTC,0x248e081e3c9e738d7c1ded5d471069dcf4fd9b15,DCASH,8,0x8e5bbbb09ed1ebde8674cda39a0c169401db4252,WBTC,8,0.000773201
0xa7b2c682405ef15f2dc7bee9bfa9d34b42eea8ee,WXDAI-O3,0xe91d153e0b41518a2ce8dd3d7944fa863463a97d,WXDAI,18,0xee9801669c6138e84bd50deb500827b776777d28,O3,18,0.000753838
0x683cc06577e66942f7d152d9b9396ec8e261b5d4,PAXG-WBTC,0x2f58c68404a7a218246abd6336e9bc0460a6e366,PAXG,18,0x8e5bbbb09ed1ebde8674cda39a0c169401db4252,WBTC,8,0.000722047
0xf42df87c9bc650f1132d8fd1275c7690f74f6084,SUSHI-USDC,0x2995d1317dcd4f0ab89f4ae60f3f020a4f17c7ce,SUSHI,18,0xddafbb505ad214d7b80b1f830fccc89b60fb7a83,USDC,6,0.000712
0x7d4c173c9fa551524416bd638c68d911a62d1914,SOLAZ-WXDAI,0x7559ac66afd2730e240c2f9844b9b385009925a6,SOLAZ,18,0xe91d153e0b41518a2ce8dd3d7944fa863463a97d,WXDAI,18,0.000582254
0xce9eead06085aab830ceef2b6bb519f1e37c3998,FUOCT-WXDAI,0xd80edb12b6bd65d28b1a31b0780c6a1c2c5d4018,FUOCT,18,0xe91d153e0b41518a2ce8dd3d7944fa863463a97d,WXDAI,18,0.000498756
0x5d9fd4a22534acc43ced2ee8681e40f4bdfa966b,WBTC-IEON,0x8e5bbbb09ed1ebde8674cda39a0c169401db4252,WBTC,8,0xe297e995bc664f77fc4627cfb04d5cac6ffd34ab,IEON,18,0.000478246
0xb68dd2be0958f56922ccfd30616db3259478c259,DAI-WBTC,0x2ff1d12bebce4981ee3dcb6f04057a5e4662797f,DAI,18,0x8e5bbbb09ed1ebde8674cda39a0c169401db4252,WBTC,8,0.000402192
0x8c7edb90e4813589fb73b5e558c5990d8a471c9a,mWOOD-WXDAI,0x9cf3ac0febc33c7280f7b33c35a2a5f079f9d7a8,mWOOD,18,0xe91d153e0b41518a2ce8dd3d7944fa863463a97d,WXDAI,18,0.000334334
0xe3048767db8edd757372768ca49b99f844f9a360,THC-WXDAI,0x22e9428c410937bec41c91d27c46f073d601b853,THC,18,0xe91d153e0b41518a2ce8dd3d7944fa863463a97d,WXDAI,18,0.000262763
0x0f817be88c6df299829b01fc99eaa6839f0769dd,stPNK-WXDAI,0xcb3231aba3b451343e0fddfc45883c842f223846,stPNK,18,0xe91d153e0b41518a2ce8dd3d7944fa863463a97d,WXDAI,18,0.000251069
0xc12ffdf7e5c7b5263b5c7098d2d1345c5d3c8d17,DCASH-WXDAI,0x248e081e3c9e738d7c1ded5d471069dcf4fd9b15,DCASH,8,0xe91d153e0b41518a2ce8dd3d7944fa863463a97d,WXDAI,18,0.000241798
0xdb36c2d4de02851923b4d3046584c1fb16a3b651,AMPL-USDC,0xc84dd5b971521b6c9fa5e10d25e6428b19710e05,AMPL,9,0xddafbb505ad214d7b80b1f830fccc89b60fb7a83,USDC,6,0.000234
0x95ac7f191793802b37c3b3fa964723005df62758,BUSD-WXDAI,0x43bf77e8c21b0a57774fedd90ca8791b58c457d1,BUSD,18,0xe91d153e0b41518a2ce8dd3d7944fa863463a97d,WXDAI,18,0.000193908
0xadda08ec2c8e3d319f6240382f10e3b0bb8947a7,USDT-VENERA,0x4ecaba5870353805a9f068101a40e0f32ed605c6,USDT,6,0xfcc8b59d7aad52d5058fa16a5105d3703f6ec6fd,VENERA,18,0.0001555
0xe1e4fbbab01ec3648b13a24736bb145e88c7187c,USDT-AMPL,0x4ecaba5870353805a9f068101a40e0f32ed605c6,USDT,6,0xc84dd5b971521b6c9fa5e10d25e6428b19710e05,AMPL,9,0.000147637
0x0099cc28fd78c1bfe9ca426f9538fd666f6c344e,mFOOD-WXDAI,0x57794fac6034523d9242ba18324686e223675824,mFOOD,18,0xe91d153e0b41518a2ce8dd3d7944fa863463a97d,WXDAI,18,0.000142758
0x9cce2ca9ad38391282a7862091dee1719c5620bc,WETH-COSMO,0x6a023ccd1ff6f2045c3309768ead9e68f978f6e1,WETH,18,0xefb06b5fcf1b9c8704f41fe96b29a428d8624ed2,COSMO,18,0.000110237
0xe3ad7cff2696445a0dbb51b7e16a51bf7d144c27,USDT-LINK,0x4ecaba5870353805a9f068101a40e0f32ed605c6,USDT,6,0xe2e73a1c69ecf83f464efce6a5be353a37ca09b2,LINK,18,0.0001853
0x2ff60a8b4b818b56724dba9df2fd5015c9e5e2cb,AMPL-WXDAI,0xc84dd5b971521b6c9fa5e10d25e6428b19710e05,AMPL,9,0xe91d153e0b41518a2ce8dd3d7944fa863463a97d,WXDAI,18,8.04E-05
0x1e91be87e691b690beded85b42a6ffc09929f80a,USDC-LINK,0xddafbb505ad214d7b80b1f830fccc89b60fb7a83,USDC,6,0xe2e73a1c69ecf83f464efce6a5be353a37ca09b2,LINK,18,0.000118896
0xc5e061db99d11ad63cc3b477ed52427543885e63,WETH-MKR,0x6a023ccd1ff6f2045c3309768ead9e68f978f6e1,WETH,18,0xb10e26b3ba9a3615b4bb47f5622b60c8702309b1,MKR,18,4.95E-05
0xc12d392cfd4f722731fd6fe00f54e99d8cd94239,DAI-USDC,0x2ff1d12bebce4981ee3dcb6f04057a5e4662797f,DAI,18,0xddafbb505ad214d7b80b1f830fccc89b60fb7a83,USDC,6,4.80E-05
0x982eff75fe57900c8d15128026907d9150a5948c,RARE-WXDAI,0x57e93bb58268de818b42e3795c97bad58afcd3fe,RARE,18,0xe91d153e0b41518a2ce8dd3d7944fa863463a97d,WXDAI,18,2.44E-05
0xd09e1c547d038068f60489dbc90b4d7b7687e93c,DC-WXDAI,0xa33714398f821e74631f5efbde90972de2a4b595,DC,18,0xe91d153e0b41518a2ce8dd3d7944fa863463a97d,WXDAI,18,1.97E-05
0x829370ce56764326dde44a48d71da09ce8c2f2d8,MKR-WXDAI,0xb10e26b3ba9a3615b4bb47f5622b60c8702309b1,MKR,18,0xe91d153e0b41518a2ce8dd3d7944fa863463a97d,WXDAI,18,1.92E-05
0x7f220bd56f6e12f0f195f160e3e26d04aa80dcd1,DPI-WXDAI,0xd3d47d5578e55c880505dc40648f7f9307c3e7a8,DPI,18,0xe91d153e0b41518a2ce8dd3d7944fa863463a97d,WXDAI,18,1.85E-05
0xcd886643f00df1000c5cfd64fde8219ad6daace8,EYE-WXDAI,0x0e7ea338d2aa05b5260d90d1e77afcf0d1278cc4,EYE,18,0xe91d153e0b41518a2ce8dd3d7944fa863463a97d,WXDAI,18,1.65E-05
0x87bcf9796862b3ea2572406c1dc9440f18c50267,Dirty Plates-WXDAI,0x246ceb761444da6f0f91cfbbf7dec83bd106336e,Dirty Plates,18,0xe91d153e0b41518a2ce8dd3d7944fa863463a97d,WXDAI,18,8.57E-06
0x1a2d2a8d9cbd1a5452c61e7c9dd47256ded3ef1a,AGF-WXDAI,0x7ce618aa1c923d460f93c54ed25dcbc710db3697,AGF,18,0xe91d153e0b41518a2ce8dd3d7944fa863463a97d,WXDAI,18,5.67E-06
0x4ae54bcab29237d02218533e1e0364b747639bf0,XAYT-WXDAI,0x059611daedba5fe0875ac7c76d7ce47ffe5c39c5,XAYT,18,0xe91d153e0b41518a2ce8dd3d7944fa863463a97d,WXDAI,18,4.15E-06
0xe86c217670548fb9996add873d0cfd62d51c9432,DICE-WXDAI,0x348e58f79c915442fa7c709e5819f7e7751878de,DICE,18,0xe91d153e0b41518a2ce8dd3d7944fa863463a97d,WXDAI,18,4.04E-06
0x4165259b60be672b633ea53c9ba3c2b56dc52b61,WXDAI-IDLE,0xe91d153e0b41518a2ce8dd3d7944fa863463a97d,WXDAI,18,0xeff551a4df0405b0018118e9291fa61f6edb6af9,IDLE,0,3.30E-06
0x1e3fa498120daae469416ef0cd1448f858531843,THCV2-WXDAI,0x98cb76c9016c8623a413344726bbaf2e7d695a8d,THCV2,18,0xe91d153e0b41518a2ce8dd3d7944fa863463a97d,WXDAI,18,2.51E-06
0x7a7953824ba602e6560e423a04be9c767d022062,WRMZ-WXDAI,0xa68717ea337884849ee480ecc17b393b2e509666,WRMZ,18,0xe91d153e0b41518a2ce8dd3d7944fa863463a97d,WXDAI,18,2.07E-06
0x052ace21a1e99ff033266254ff8b1b998dc76c96,WXDAI-VENERA,0xe91d153e0b41518a2ce8dd3d7944fa863463a97d,WXDAI,18,0xfcc8b59d7aad52d5058fa16a5105d3703f6ec6fd,VENERA,18,1.67E-06
0x796a8b2ddd10a6962a4be070fc1fd57c4b723988,Nano-WXDAI,0x3d6036254f17d1807362e4f45b2d8e2daadf31ce,Nano,18,0xe91d153e0b41518a2ce8dd3d7944fa863463a97d,WXDAI,18,1.01E-06
0x3bedb765a5e37fcd1a17487170882e246f3fe66a,SLP-WXDAI,0xbd6a2fce56449aeeeddf02ecddab0f6271200e41,SLP,18,0xe91d153e0b41518a2ce8dd3d7944fa863463a97d,WXDAI,18,7.94E-07
0xa690bdfa98106e8fe283e7cbf1591a3dbd33ddcf,DZD-WXDAI,0xc9114131aada1b566102c0e559d2a9f8f030d3d4,DZD,4,0xe91d153e0b41518a2ce8dd3d7944fa863463a97d,WXDAI,18,4.48E-07
0x144e79a931b9ad50019c94d4def42af39ef39cb7,WXDAI-BUFFGATE,0xe91d153e0b41518a2ce8dd3d7944fa863463a97d,WXDAI,18,0xf667064c067686237c84bdc84b3df77fdeae237f,BUFFGATE,4,4.48E-07
0x6668416f3fa18a02058032245ba7255c0e3c6c13,LINK-WXDAI,0x5a493e41d0922bee751e9af06d7a6110c2ba2ad2,LINK,18,0xe91d153e0b41518a2ce8dd3d7944fa863463a97d,WXDAI,18,2.51E-07
0x66fe876b27e9b3caf13514689afac361e16fee07,DUST-WXDAI,0x6cb488b438f9c13c275288b8db2efa5ec94a0fff,DUST,9,0xe91d153e0b41518a2ce8dd3d7944fa863463a97d,WXDAI,18,3.55E-08
0xd94b12c310aafadea0bedf8a5548321166786fa2,LINDA-WXDAI,0xb1c607c7fb9ad11e42fdca528dc782f5779b2f00,LINDA,18,0xe91d153e0b41518a2ce8dd3d7944fa863463a97d,WXDAI,18,2.94E-08
0x4b9e78f17c493add5484aad14f89447db8290ddc,FFO-WXDAI,0x8de13367da5d872daaa8595289aa420d31fdc0fa,FFO,1,0xe91d153e0b41518a2ce8dd3d7944fa863463a97d,WXDAI,18,9.92E-09
0xa51bb47640e839e85e84414380afb8fb62d4441e,rkl-WETH,0x2df5912439d2d14d04a7742346508505288ef367,rkl,18,0x6a023ccd1ff6f2045c3309768ead9e68f978f6e1,WETH,18,1.90E-09
0x60e19a4b33c9d6abcf5d743de3e3b79acff14fe6,SQUIRT-WXDAI,0x692abff33c6a0701fbeb11114a32f9097d7fb822,SQUIRT,9,0xe91d153e0b41518a2ce8dd3d7944fa863463a97d,WXDAI,18,7.38E-10
0x2607a238daea8f08bda97f68b9252e37b63155a2,FAU-WXDAI,0x3111c94b9243a8a99d5a867e00609900e437e2c0,FAU,18,0xe91d153e0b41518a2ce8dd3d7944fa863463a97d,WXDAI,18,3.80E-10
0x806ceb032eaa0fe23280dbfefa30abdeb8d50f28,MMM-WXDAI,0x892916bd7413ab6c7100539f0cd566d76a0b7ad4,MMM,10,0xe91d153e0b41518a2ce8dd3d7944fa863463a97d,WXDAI,18,1.41E-13
0x772e75d398ba2e30091ba24912c0eac4aeb38b79,BLC-WXDAI,0x7550ab4863fe2ebb7411328327b4f3228e4ef88f,BLC,18,0xe91d153e0b41518a2ce8dd3d7944fa863463a97d,WXDAI,18,1.00E-14
0xdcab0e2af5352eb48e289603cf68bd0392384360,OMI-WXDAI,0xafc9b0de4df109e23aa24f2e43b90b725731707f,OMI,18,0xe91d153e0b41518a2ce8dd3d7944fa863463a97d,WXDAI,18,3.16E-15
0xd7b1095f39b8e4da2253c98b9f92ce60d1958c30,VC-WXDAI,0x997231cb557e57f2c410fc3fe333b4b7cd748487,VC,18,0xe91d153e0b41518a2ce8dd3d7944fa863463a97d,WXDAI,18,9.74E-16
0xd9afd61504765654127820dcdb1e3656bf68737a,ROTI-WXDAI,0x256aedb25d90b1dd2f1021a249ac95dacc68723d,ROTI,18,0xe91d153e0b41518a2ce8dd3d7944fa863463a97d,WXDAI,18,5.12E-16
0x2ec10195782902828e59d13f972b853c10293b28,wxHOPR-WXDAI,0xd4fdec44db9d44b8f2b6d529620f9c0c7066a2c1,wxHOPR,18,0xe91d153e0b41518a2ce8dd3d7944fa863463a97d,WXDAI,18,4.99E-16
0xd57cb9ecd6334a3283a9f93ebae3e2b8f407e1ad,EVO-WXDAI,0xba6da86c5976b2fe4f24b2a1ea3a20888ed55f17,EVO,18,0xe91d153e0b41518a2ce8dd3d7944fa863463a97d,WXDAI,18,3.16E-16
0xa7de8cf4c0ad47a68208d056f6a2d3fb0b86c132,SHISQUI-WXDAI,0xd805842aec2e48ffcb973e6053ce6a3b1a83217a,SHISQUI,18,0xe91d153e0b41518a2ce8dd3d7944fa863463a97d,WXDAI,18,9.98E-19
0xffd9cea5bbe86b48e77d168340d4ee51b54fe079,TRINI-HEX,0x4accf43c858ac40555fe1ddf5806bcbc1612a4c3,TRINI,18,0xd9fa47e33d4ff7a1aca489de1865ac36c042b07a,HEX,8,0
0xfbe0921beed84088c569a2807378c9adc1541895,GNO-AMIS,0x9c58bacc331c9aa871afd802db6379a98e80cedb,GNO,18,0xd51e1ddd116fff9a71c1b8feeb58113afa2b4d93,AMIS,9,1.945418385
0xfb6778b0410ac9b888c798b5f12cd6be05069f7b,DCASH-SUSHI,0x248e081e3c9e738d7c1ded5d471069dcf4fd9b15,DCASH,8,0x2995d1317dcd4f0ab89f4ae60f3f020a4f17c7ce,SUSHI,18,0
0xfb351e6859b9e6addcc984651ba546bc19c4fdd7,xMOON-xBRICK,0x1e16aa4df73d29c029d94ceda3e3114ec191e25a,xMOON,18,0x2f9cebf5de3bc25e0643d0e66134e5bf5c48e191,xBRICK,18,0
0xf5f965288ddebbea49d113cf25942cb11df4f0ec,RARI-BAO,0x4be85acc1cd711f403dc7bde9e6cadfc5a94744b,RARI,18,0x82dfe19164729949fd66da1a37bc70dd6c4746ce,BAO,18,0
0xf38c5b39f29600765849ca38712f302b1522c9b8,SUSHI-GNO,0x2995d1317dcd4f0ab89f4ae60f3f020a4f17c7ce,SUSHI,18,0x9c58bacc331c9aa871afd802db6379a98e80cedb,GNO,18,41908.51204
0xf2a1d825c03741574f9a81537affc60c104d92fe,COIN-WXDAI,0x14411aeca652f5131834bf0c8ff581b5ddf3bc03,COIN,18,0xe91d153e0b41518a2ce8dd3d7944fa863463a97d,WXDAI,18,0
0xf206ab865f4f94a52c1b3428a5576a2f299eee76,HNY-STAKE,0x71850b7e9ee3f13ab46d67167341e4bdc905eef9,HNY,18,0xb7d311e2eb55f2f68a9440da38e7989210b9a05e,STAKE,18,0.034433963
0xf17022e4fb51e6381714a52926786ab7385ef743,WXDAI-DAIT,0xe91d153e0b41518a2ce8dd3d7944fa863463a97d,WXDAI,18,0xf78c318409b1df55467ac4054ac7ef4a3652579d,DAIT,18,0
0xef54765a977351b65b5b5e6efcc67a3e74973426,BID-AMIS,0x2977893f4c04bfbd6efc68d0e46598d27810d3db,BID,18,0xd51e1ddd116fff9a71c1b8feeb58113afa2b4d93,AMIS,9,0
0xebfcd245236fed01d1464ba29ee21743d64af3d9,STORM-WXDAI,0x5c1e7da9dc6444f0fbd53b1cc07fd99826ee241f,STORM,18,0xe91d153e0b41518a2ce8dd3d7944fa863463a97d,WXDAI,18,0
0xeb034dc4e260a688ae0890462e487da50ed63aa9,PAXG-MKR,0x2f58c68404a7a218246abd6336e9bc0460a6e366,PAXG,18,0xb10e26b3ba9a3615b4bb47f5622b60c8702309b1,MKR,18,0
0xe92f3956fb759587496abbd55e5ffe8327fc11ee,ZOMI-WXDAI,0xc7b51034b2e39848c4f7f72f190649b4c06802a5,ZOMI,15,0xe91d153e0b41518a2ce8dd3d7944fa863463a97d,WXDAI,18,0
0xe311e3f8efdb33ed1c678f395a78531044d86920,WCHI-WXDAI,0x7211ab649a4139561a152b787de52d257cbaaee9,WCHI,8,0xe91d153e0b41518a2ce8dd3d7944fa863463a97d,WXDAI,18,0
0xe2b518e2f05d559f510d631403ecf65883a8a862,1INCH-AMIS,0x7f7440c5098462f833e123b44b8a03e1d9785bab,1INCH,18,0xd51e1ddd116fff9a71c1b8feeb58113afa2b4d93,AMIS,9,0
0xe0dc9804c9ce7d3e6bf4149b9c8e8b7ec418886f,WETH-BAO.cx,0x6a023ccd1ff6f2045c3309768ead9e68f978f6e1,WETH,18,0xe0d0b1dbbcf3dd5cac67edaf9243863fd70745da,BAO.cx,18,0
0xdcf4e6ab13e1b5f006c217bddefc9866f1cb6452,DLT-WXDAI,0xc4861f47225d0b19d9a69b94c6c5f01f2f2b49a7,DLT,8,0xe91d153e0b41518a2ce8dd3d7944fa863463a97d,WXDAI,18,0
0xdc3c9ff23305d7020ea50bb3ba334b2ff750b30d,GNO-STAKE,0x9c58bacc331c9aa871afd802db6379a98e80cedb,GNO,18,0xb7d311e2eb55f2f68a9440da38e7989210b9a05e,STAKE,18,8.280388308
0xd8e8085838e8e0f23fa6cca82652d176e5ab05dc,UNI-V2-IEON,0x8db8870ca4b8ac188c4d1a014f34a381ae27e1c2,UNI-V2,18,0xe297e995bc664f77fc4627cfb04d5cac6ffd34ab,IEON,18,0
0xd77c13d58fc67da84f3b440ce42a802d905ec6a0,CRV-GNO,0x712b3d230f3c1c19db860d80619288b1f0bdd0bd,CRV,18,0x9c58bacc331c9aa871afd802db6379a98e80cedb,GNO,18,145396.031
0xd74e5f9c5c94feeec0d28616c6683daea0e4c596,HAUS-AMIS,0xb0c5f3100a4d9d9532a4cfd68c55f1ae8da987eb,HAUS,18,0xd51e1ddd116fff9a71c1b8feeb58113afa2b4d93,AMIS,9,0
0xd6ca5faba0f78b3128db10fd86dd0ceffe612183,BAO-AMIS,0x82dfe19164729949fd66da1a37bc70dd6c4746ce,BAO,18,0xd51e1ddd116fff9a71c1b8feeb58113afa2b4d93,AMIS,9,0
0xd61f88ba5f9398860564a2d92d9a17f2a49ef5e7,BAO-YFI,0x82dfe19164729949fd66da1a37bc70dd6c4746ce,BAO,18,0xbf65bfcb5da067446cee6a706ba3fe2fb1a9fdfd,YFI,18,0
0xd3b959f84a64b378424c3f2af02b17037ca5707e,SLP-GNO,0x0f9d54d9ee044220a3925f9b97509811924fd269,SLP,18,0x9c58bacc331c9aa871afd802db6379a98e80cedb,GNO,18,0.039246016
0xd25815025c530e9f648e5f29f117c56177363336,ENJ-AMIS,0x5a757f0bcadfdb78651b7bdbe67e44e8fd7f7f6b,ENJ,18,0xd51e1ddd116fff9a71c1b8feeb58113afa2b4d93,AMIS,9,0
0xd1972f3b9236538be77574af2f35be059f854e52,GNO-COSMO,0x9c58bacc331c9aa871afd802db6379a98e80cedb,GNO,18,0xefb06b5fcf1b9c8704f41fe96b29a428d8624ed2,COSMO,18,9.22E-05
0xd19369149882428eedaffab4a33f313e62065bef,TOFI-SLP,0x848e442f2d275fe1de90946a494ac3cf1a196956,TOFI,0,0xac262fb0dff154397c045fa68030931f18263efb,SLP,18,0
0xd074d43d141b5388bebd0339e6996d35fa11f568,CRV-AMIS,0x712b3d230f3c1c19db860d80619288b1f0bdd0bd,CRV,18,0xd51e1ddd116fff9a71c1b8feeb58113afa2b4d93,AMIS,9,0
0xceb6b1e623d919f8d9244efc80ccb48c4dd1a727,rkl-SLP,0x2df5912439d2d14d04a7742346508505288ef367,rkl,18,0x558d221a5dfb9a2a60f7341695af485105433150,SLP,18,0
0xceaa098b20e5fe835bae4967c163b959dbd749fd,HONTST-WXDAI,0x4ab3ec6c15cafc944c6e3c7df0e2d4ccb0f3416d,HONTST,18,0xe91d153e0b41518a2ce8dd3d7944fa863463a97d,WXDAI,18,0
0xce7492de829941aa21a29e8b05c1b4965fe4d7d9,$BASED-WXDAI,0x7a9c5df99825e0ba7e895aa5561408e432f9f1f9,$BASED,18,0xe91d153e0b41518a2ce8dd3d7944fa863463a97d,WXDAI,18,0
0xcb920a585d1aa6dabacca7860d477dd93666a7dd,DTT1-WXDAI,0x49ae0881e47e3ed22d3fde2702c8f447918b77f5,DTT1,17,0xe91d153e0b41518a2ce8dd3d7944fa863463a97d,WXDAI,18,0
0xc9029929c8668422a7f389a44693e8902674ee0d,BAO-BTCCB,0x82dfe19164729949fd66da1a37bc70dd6c4746ce,BAO,18,0xb2ae7983a8142401d45546aab981e5fbff520991,BTCCB,18,0
0xc36328156bb8ac4f405b68fc0bff19479e8f3f97,FTRACK-WXDAI,0x16b81c5c59b1c154a40c7a03d6f9ec68d5f6412f,FTRACK,18,0xe91d153e0b41518a2ce8dd3d7944fa863463a97d,WXDAI,18,0
0xc30564beb7144a944e47f4a8c5ca45c6329fc9f3,NJV-WXDAI,0xa1265493aa2a06cbc89bd4050dc5a79590951505,NJV,18,0xe91d153e0b41518a2ce8dd3d7944fa863463a97d,WXDAI,18,0
0xc19a683236c645ed3ccd41a990ec0db1009635bd,SNX-AMIS,0x3a00e08544d589e19a8e7d97d0294331341cdbf6,SNX,18,0xd51e1ddd116fff9a71c1b8feeb58113afa2b4d93,AMIS,9,0
0xc18263bc7ae178efbb445dc19bb07a5fd239f1d8,GAMB-TECH,0x9e255fe1176dce5ff5bca87c0e97ede31c40f4d0,GAMB,18,0xb7d918d7631fcdd0954205e3a6b205a10a31a085,TECH,18,0
0xc11ad748727c21754182aaef11d12a03bbebda98,DAI-ETH,0xbc78c3a50eb3388ff547d043471186a055e20522,DAI,18,0xd27aeef88dfc40c7fb297269734d97fc0cca5b4a,ETH,18,0
0xbdc37335c2072abd1b9085c9ba3c5b75d9fc8e36,YFI-AMIS,0xbf65bfcb5da067446cee6a706ba3fe2fb1a9fdfd,YFI,18,0xd51e1ddd116fff9a71c1b8feeb58113afa2b4d93,AMIS,9,0
0xbd6a2fce56449aeeeddf02ecddab0f6271200e41,SLP-SLP,0x829370ce56764326dde44a48d71da09ce8c2f2d8,SLP,18,0xeb034dc4e260a688ae0890462e487da50ed63aa9,SLP,18,0
0xbce5afaf114a367db2ca6104ccfe045da654bd84,xSUSHI-AMIS,0x726f66bbdaf5dc0d66caddc24da13c3e9301fc2a,xSUSHI,18,0xd51e1ddd116fff9a71c1b8feeb58113afa2b4d93,AMIS,9,0
0xbba341efc430c641c16de4940b8eab1cfdc4abfe,DAIX-STAKE,0x4ef1d9a329a0cb0658156aff55c406cc4393a987,DAIX,18,0xb7d311e2eb55f2f68a9440da38e7989210b9a05e,STAKE,18,0.002746238
0xb838b39f4ce64e0718081fa71f3e1e28c44c5965,AGVE-HNY,0x3a97704a1b25f08aa230ae53b352e2e72ef52843,AGVE,18,0x71850b7e9ee3f13ab46d67167341e4bdc905eef9,HNY,18,0
0xb75761b5d726c3199f430438e114fbb01d32b20f,MNT-VNDM,0x2db1baf757cde8eccd6d8cc4a9bee1cb9783afb2,MNT,9,0xaf074b43e8a8e5ea8555a32341fc32f74060c42b,VNDM,9,0
0xb60a083ed88d31e45a11675c4760ee6eaa63005e,WBTC-NCR,0x8e5bbbb09ed1ebde8674cda39a0c169401db4252,WBTC,8,0xe7f5f654c57236a651f576155c63428432d03943,NCR,18,0
0xb35edf224509b9bd920a056e9db11f62aa53f26d,renBTC-STAKE,0x4a88248baa5b39bb4a9caa697fb7f8ae0c3f0ddb,renBTC,8,0xb7d311e2eb55f2f68a9440da38e7989210b9a05e,STAKE,18,0.313330915
0xb00ca661f84291d779203e2c4b24664f928daae5,AMIS-HEX,0xd51e1ddd116fff9a71c1b8feeb58113afa2b4d93,AMIS,9,0xd9fa47e33d4ff7a1aca489de1865ac36c042b07a,HEX,8,0
0xaeda258ff64f2214e6082047e381dcfc96ec9077,USDT-USDC,0xc90132d5d1b87730da162ec9cd34885828769cc3,USDT,18,0xd10cc63531a514bba7789682e487add1f15a51e2,USDC,18,0
0xaaeae287fba9865ce212f815972d4bbf71538c40,RDT-MNT,0x012ad5cced21f7209feb623d318247955796d993,RDT,9,0x2db1baf757cde8eccd6d8cc4a9bee1cb9783afb2,MNT,9,0
0xa685f0a27f9305cd4678103d7b3e67db447ae946,WETH-GRT,0x6a023ccd1ff6f2045c3309768ead9e68f978f6e1,WETH,18,0xfadc59d012ba3c110b08a15b7755a5cb7cbe77d7,GRT,18,0
0xa6397cb406d7a42cef2747892b4a26652b15e5b8,HUSD-AMIS,0x1e37e5b504f7773460d6eb0e24d2e7c223b66ec7,HUSD,8,0xd51e1ddd116fff9a71c1b8feeb58113afa2b4d93,AMIS,9,0
0xa2b44c33814ff1102f89f18e23c7775ed92454d3,UNI-FLOF,0x4537e328bf7e4efa29d05caea260d7fe26af9d74,UNI,18,0x4a59ad9993d763b6125a52dac5a44f4ae570e793,FLOF,18,0
0xa26c6060ece92fdf740a364de9e807b6a50e75c8,AMIS-AAVE,0xd51e1ddd116fff9a71c1b8feeb58113afa2b4d93,AMIS,9,0xdf613af6b44a31299e48131e9347f034347e2f00,AAVE,18,0
0xa01ae9b7b10cff43c061483ed3c0ae4904b07621,EYE-I,0x0e7ea338d2aa05b5260d90d1e77afcf0d1278cc4,EYE,18,0xf3d8d51423129a37f8551cef8f724addcad16507,I,18,0
0x9d5cfad15600cd40a291b5a4e1c98e79fcd57e46,mCOPPER-mWOOD,0x3360ce87000aa67e2c8e7737adf2a1dd3290845b,mCOPPER,18,0xa0f39175bcaf930dda518449e73983edb0f42422,mWOOD,18,0
0x9cee70f0f2f52c6d6dddc5dfced8e8cc96fbd17d,GNO-AAVE,0x9c58bacc331c9aa871afd802db6379a98e80cedb,GNO,18,0xdf613af6b44a31299e48131e9347f034347e2f00,AAVE,18,0.011196111
0x9c3789b68fcec0276bb567c20d67771f1202cc59,🌕-WXDAI,0xdba4acf48dfefe749df0d01c9ac8b3c0980a1e65,🌕,9,0xe91d153e0b41518a2ce8dd3d7944fa863463a97d,WXDAI,18,0
0x9c291d58c8c6988178aa63227f67c3dd8a32eb16,LEVIN-STAKE,0x1698cd22278ef6e7c0df45a8dea72edbea9e42aa,LEVIN,18,0xb7d311e2eb55f2f68a9440da38e7989210b9a05e,STAKE,18,2.86E-15
0x9c0e8a95d8b016f4c03d2258ce22a54785522114,SUSHI-BTCCB,0x2995d1317dcd4f0ab89f4ae60f3f020a4f17c7ce,SUSHI,18,0xb2ae7983a8142401d45546aab981e5fbff520991,BTCCB,18,0
0x9b12402aa1f07fe5294d7355af3b9a0580e062e1,SUSHI-BTCBR,0x2995d1317dcd4f0ab89f4ae60f3f020a4f17c7ce,SUSHI,18,0xa899e4476ff5da39dcd9ddec7a6e2c651d8614bf,BTCBR,18,0
0x97b3d24c95d890a5a7e47d543eff698df2ee79b6,NAZ-TKN,0x4b71b439a830ec8f3d4927127e18f6da8f8b148e,NAZ,18,0xd2e8552cd40ca9a7f6901ba7783cbad16eabba10,TKN,18,0
0x90ee2890328303f8c3d42df202c6ede203136005,WETH-BAL,0x6a023ccd1ff6f2045c3309768ead9e68f978f6e1,WETH,18,0x7ef541e2a22058048904fe5744f9c7e4c57af717,BAL,18,0
0x8f00a9f615b7404389fe2e5fd66994866a83980d,SUSHI-SOLAZ,0x2995d1317dcd4f0ab89f4ae60f3f020a4f17c7ce,SUSHI,18,0x7559ac66afd2730e240c2f9844b9b385009925a6,SOLAZ,18,0
0x8e58c32b8467744ec667fd74575ec6d78f59ce62,JPYC-ENJ,0x417602f4fbdd471a431ae29fb5fe0a681964c11b,JPYC,18,0x5a757f0bcadfdb78651b7bdbe67e44e8fd7f7f6b,ENJ,18,0
0x8e46fc8560ecdfe17ff8888db8f626fe4ac7039e,SUSHI-UNI-V2,0x2995d1317dcd4f0ab89f4ae60f3f020a4f17c7ce,SUSHI,18,0x504b0c1e18b3045d69d8652ff6277a2835681075,UNI-V2,18,0
0x8d0f73c1ccbd3cfd85a75e57aa4bd9394b2252f9,BUSD-NEXO,0x43bf77e8c21b0a57774fedd90ca8791b58c457d1,BUSD,18,0xd2206ddb296d67bc6eaa6a69675575013f44642d,NEXO,18,0
0x8c77ba1d90c57d584aeed57bc9b55258b8be3438,TestGIV-TestWETH,0x5d32a9baf31a793dba7275f77856a47a0f5d09b3,TestGIV,18,0x736a98655049433f79dccf5e54b887e8890b63d1,TestWETH,18,0
0x8870b8e9269a9deab3f6f727e302eb962fcad70a,TEST4-WXDAI,0x6dd145d543c1778c2217adb25b0a0bc6aa82b395,TEST4,9,0xe91d153e0b41518a2ce8dd3d7944fa863463a97d,WXDAI,18,0
0x86ebc86f1a9f377859b7189727b469bfe5938c43,SUSHI-BAO,0x2995d1317dcd4f0ab89f4ae60f3f020a4f17c7ce,SUSHI,18,0x82dfe19164729949fd66da1a37bc70dd6c4746ce,BAO,18,0
0x843159ab44b40e8b92e4e637f80463b453b1155a,DUCK-USDP,0x8e7ab03ca7d17996b097d5866bfaa1e251c35c6a,DUCK,18,0xfe7ed09c4956f7cdb54ec4ffcb9818db2d7025b8,USDP,18,0
0x80e7c2345009b675fa9ee12f02ea18d7ab957d0c,xMOON-SUSHI,0x1e16aa4df73d29c029d94ceda3e3114ec191e25a,xMOON,18,0x2995d1317dcd4f0ab89f4ae60f3f020a4f17c7ce,SUSHI,18,0
0x800f2de0c70a5608d8e2548b9c17501629e860bc,MONKE-FOTI,0x44ad7f020a488629bf79d20cbe5833b1a7c8243f,MONKE,12,0xaee4033644eaf6ca53c1b4666ef0d924deb4d4c6,FOTI,18,0
0x7f756e12abad573bf9faa0254a875b9947ea39a6,AMIS-XGT,0xd51e1ddd116fff9a71c1b8feeb58113afa2b4d93,AMIS,9,0xf1738912ae7439475712520797583ac784ea9033,XGT,18,0
0x763c4c03055e3d7938f8262a38b6cabcfcc760d7,JPYC-AMIS,0x417602f4fbdd471a431ae29fb5fe0a681964c11b,JPYC,18,0xd51e1ddd116fff9a71c1b8feeb58113afa2b4d93,AMIS,9,0
0x7541bfdd369ba30e97f2eb6ab1488ac7d651a5ce,TOM-GEEK,0x076c720f2c8287011875040b77f97016ba71964f,TOM,18,0xfc1426a33d997c63181dfccffa5f56e51cc7bc85,GEEK,18,0
0x728c38dcfd240153b4b93f1e10fe6f8d366872a5,TERC-vTERC,0x35daac2321a8c32f4f266c9166ac05f394e67630,TERC,18,0xe4cb7cfd027c024aca339026b1e70ff68f82305b,vTERC,18,0
0x727675b58e60d2b2103629c8d8cdc7f66c938391,WETH-NCR,0x6a023ccd1ff6f2045c3309768ead9e68f978f6e1,WETH,18,0xe7f5f654c57236a651f576155c63428432d03943,NCR,18,0
0x70f240adc3f3ff4f75917e0d6db61a9664a81227,DEXP-AMIS,0x9c374cc5da1d7ee668d4080287b104b865f3089e,DEXP,18,0xd51e1ddd116fff9a71c1b8feeb58113afa2b4d93,AMIS,9,0
0x6d8b1c0e2bb03a40a013440a9aa28d76c23036b2,DVL-WXDAI,0x10642690aa47be5eb159163fb124b88619582f5b,DVL,9,0xe91d153e0b41518a2ce8dd3d7944fa863463a97d,WXDAI,18,0
0x6ae612f1092d85ab74bbea31e0bab28c5a0e73b4,renBTC-HBTC,0x4a88248baa5b39bb4a9caa697fb7f8ae0c3f0ddb,renBTC,8,0xd87fcb23da48d4d9b70c6f39b46debb5d993ad19,HBTC,18,0
0x6a33a1c783ddc183b236984af693eb1469510286,xDT-WXDAI,0x42ed4d26a0f3d1bcb88effc13a51ed0e9cbd4e45,xDT,9,0xe91d153e0b41518a2ce8dd3d7944fa863463a97d,WXDAI,18,0
0x69efd9be319571f16bf11a7ac98cf8f1b5263830,MOPPET-WXDAI,0x370648ead1d06ef2de1ed1e22374264eabe0b42d,MOPPET,11,0xe91d153e0b41518a2ce8dd3d7944fa863463a97d,WXDAI,18,0
0x633799f6d456acbb20734ecc185b2ee94995e456,TestWETH-DRGIV,0x736a98655049433f79dccf5e54b887e8890b63d1,TestWETH,18,0x7aade4907a8e2412beacbe42e51aaee5b6085f24,DRGIV,18,0
0x628d4a71f130dab336d6cd4c478f8ff9b1f86372,SLP-SLP,0x9cb7ec025e68ed42bb81d6d3174236ef27b7cdec,SLP,18,0xd19369149882428eedaffab4a33f313e62065bef,SLP,18,0
0x60dbd9ba983a5fd22125dfb20f641442a86a1f00,SBC-CWT,0x3b6a1b76d772a771bf3fce802bead6ff196b84d5,SBC,18,0x3cdaae51e74302d63095064c3ab354c64190e289,CWT,18,0
0x606def967cf9af61fe8569f2bed098a743196b7a,G$G-L$G,0xa34c5b56d440dee69ad8dc17ec655a1c27035c5e,G$G,18,0xe5e9abd4c65184bb1e2bbc595c7eb861b4bf9b43,L$G,18,0
0x5dc3d865bc2471174e0a2fa21212a396ece35996,JPYC-WCHI,0x417602f4fbdd471a431ae29fb5fe0a681964c11b,JPYC,18,0x7211ab649a4139561a152b787de52d257cbaaee9,WCHI,8,0
0x5cb65cf31142b1b9ff1f2f17a7f8266aa63b50e3,xMOON-AMIS,0x1e16aa4df73d29c029d94ceda3e3114ec191e25a,xMOON,18,0xd51e1ddd116fff9a71c1b8feeb58113afa2b4d93,AMIS,9,0
0x5c317259b325195fb7e10f5d6f0f1827c1cc3b18,PLA-SLP,0x32f13a6585d38e14d4f70c481e58a23767964a07,PLA,18,0xa2b44c33814ff1102f89f18e23c7775ed92454d3,SLP,18,0
0x59c6228195b9e368cd73cfd23320d74c3d180fa7,PTC-WXDAI,0xab3f79d783158d44137973da1b09f3bf41ce963e,PTC,18,0xe91d153e0b41518a2ce8dd3d7944fa863463a97d,WXDAI,18,0
0x59967d40bb4cc64b132dd0dc6812e6c8e1f23646,TITAN2-TitanDAI,0x94f34ccbc5ab2b0ce6b58ca70f2b42e8b6526573,TITAN2,9,0xfa40216df75a19d3e335c925b91b59577b37c63f,TitanDAI,18,0
0x58c6310e7e5cd56997bc734554bd1aac0ed0f347,WFC-WXDAI,0x9cd1b2e6dbcaa3786fb9767014851bf57db58526,WFC,5,0xe91d153e0b41518a2ce8dd3d7944fa863463a97d,WXDAI,18,0
0x57d9b1b2b508ae1f62ef09d5fa1599eb0f846b25,DAI-BAO,0x44fa8e6f47987339850636f88629646662444217,DAI,18,0x82dfe19164729949fd66da1a37bc70dd6c4746ce,BAO,18,0
0x56a63f41c20552c9ca6d4682ed485c9bd6842382,EZI-WXDAI,0x2303d41ee63ea4eef7f7a96a6d3e921f4f41f527,EZI,18,0xe91d153e0b41518a2ce8dd3d7944fa863463a97d,WXDAI,18,0
0x56001ea55c0293c4884b3d4c02bd6010d42054f7,DONUT-AMIS,0x524b969793a64a602342d89bc2789d43a016b13a,DONUT,18,0xd51e1ddd116fff9a71c1b8feeb58113afa2b4d93,AMIS,9,0
0x55f6cc3eb45e8f281f27b399360cef32776e81d2,SMOON-WXDAI,0x6942e717efbe6168ebc0e9e837b0da718dee6e63,SMOON,9,0xe91d153e0b41518a2ce8dd3d7944fa863463a97d,WXDAI,18,0
0x53d5dc7f650b487a71cf2c3f4de04fd5bebdf85f,DAI-AMIS,0x44fa8e6f47987339850636f88629646662444217,DAI,18,0xd51e1ddd116fff9a71c1b8feeb58113afa2b4d93,AMIS,9,0
0x510f566b10cf646c0a37fa2372891ccdd5470423,RSD-SDR,0x61ed1c66239d29cc93c8597c6167159e8f69a823,RSD,18,0xa61fcc65bd3da2ce41608a5099427f3a004414f6,SDR,18,0
0x4dfbec2b1f635a280e263ec76350d2e6a4ef21ae,xDT-WXDAI,0x5148b739db2f2e661d45eb1ece94253c41822cdf,xDT,9,0xe91d153e0b41518a2ce8dd3d7944fa863463a97d,WXDAI,18,0
0x4b65d744ef8e8f1feda73ac569746521db0f814c,xBRICK-AMIS,0x2f9cebf5de3bc25e0643d0e66134e5bf5c48e191,xBRICK,18,0xd51e1ddd116fff9a71c1b8feeb58113afa2b4d93,AMIS,9,0
0x4aef6b7bc75692a096234295f2aa513cfe8cd124,SAFEXDAI-WXDAI,0xc9936dd685b00dc73d38dd4c2b40cf98f7de9073,SAFEXDAI,9,0xe91d153e0b41518a2ce8dd3d7944fa863463a97d,WXDAI,18,0
0x4ac0bbb445ffdf5fed64026a8108972b53da6155,DVL-WXDAI,0x716ab5609562e57bb7ed1abe7350c26cb1d9efd7,DVL,9,0xe91d153e0b41518a2ce8dd3d7944fa863463a97d,WXDAI,18,0
0x4969ba56560f55c587543dc34fc6e90e8965862c,THC-WXDAI,0xa8df55c6ae4675b27bb531a0712b3fa639b0835a,THC,18,0xe91d153e0b41518a2ce8dd3d7944fa863463a97d,WXDAI,18,0
0x4805b9df438ba9c3fbff52532ce531ab39ca80c5,RDT-VNDM,0x012ad5cced21f7209feb623d318247955796d993,RDT,9,0xaf074b43e8a8e5ea8555a32341fc32f74060c42b,VNDM,9,0
0x459ec1a89847ccc75781e5dca258d6875fd5c45c,SLP-ZAP,0x8af96ce8c29f9f4393afbf3e62d905b65e1b6f22,SLP,18,0xe4dec344b9d689b7f85c67478feb07625381080e,ZAP,18,0
0x437b0da7932b21f54488fd80ee09b519a6f4d8ad,TestWETH-DRGIV3,0x736a98655049433f79dccf5e54b887e8890b63d1,TestWETH,18,0x83a8eea6427985c523a0c4d9d3e62c051b6580d3,DRGIV3,18,0
0x42d5a659dfcfaed77e3335dc7cd70cb13b162fe9,PLA-FLOF,0x32f13a6585d38e14d4f70c481e58a23767964a07,PLA,18,0x4a59ad9993d763b6125a52dac5a44f4ae570e793,FLOF,18,0
0x4292cd28ca664ea858f5328fa91d0c678b5de272,AMIS-LINK,0xd51e1ddd116fff9a71c1b8feeb58113afa2b4d93,AMIS,9,0xe2e73a1c69ecf83f464efce6a5be353a37ca09b2,LINK,18,1.588084397
0x415a88729cf675da2edef4e6475e4c2d892bb653,ARS-USD,0x59f5168efc6c0b9a5c26e05f5c956dca03307282,ARS,18,0x6d6916176da20168b8511335e42de3e73326a2a4,USD,18,0
0x413b6db3c118ab27cbcc103c9e004f054ae2d05f,WCT-FTK,0x1610a2eb15095cf8a755a7c97afa3a42ffcbe8a7,WCT,18,0xddb6ed77a21f2eb08f142f5c8be49197df4d4c55,FTK,18,0
0x3f9094a678291e65590914cae444d1f9df71ef15,DIP-AMIS,0x48b1b0d077b4919b65b4e4114806dd803901e1d9,DIP,18,0xd51e1ddd116fff9a71c1b8feeb58113afa2b4d93,AMIS,9,0
0x3f8cff19df832d6bfa7bc4e8487ec5d1494ab2d1,SUSHI-JPYC,0x2995d1317dcd4f0ab89f4ae60f3f020a4f17c7ce,SUSHI,18,0x417602f4fbdd471a431ae29fb5fe0a681964c11b,JPYC,18,0
0x3e10bbee66d274c2b8fcb8a8709d2003ed968ab5,SUSHI-AMIS,0x2995d1317dcd4f0ab89f4ae60f3f020a4f17c7ce,SUSHI,18,0xd51e1ddd116fff9a71c1b8feeb58113afa2b4d93,AMIS,9,0
0x3c85132a35fb3704850bc91a29c9496f9a44dec7,SHIB-L1,0x4ea1172f4c4e8e8d3c9e1be4269b696bf19d24fe,SHIB,18,0xa7e37561d476a064cec9f2573017fa7033ffcc91,L1,18,0
0x3c5a6e760b09b534a58edafa0de0653951bddc77,MATIC-AMIS,0x7122d7661c4564b7c6cd4878b06766489a6028a2,MATIC,18,0xd51e1ddd116fff9a71c1b8feeb58113afa2b4d93,AMIS,9,0
0x3bf7414d0fea4946d3789ea7fff76c13adf1e646,JPYC-NCR,0x417602f4fbdd471a431ae29fb5fe0a681964c11b,JPYC,18,0xe7f5f654c57236a651f576155c63428432d03943,NCR,18,0
0x3bf362d8fb74a19efae427d3d7e38a84edcbea9e,POA20-AMIS,0x985e144eb355273c4b4d51e448b68b657f482e26,POA20,18,0xd51e1ddd116fff9a71c1b8feeb58113afa2b4d93,AMIS,9,0
0x37e92d909e34bc3ef1fc43529669ec917b1119d5,HOT-HNY,0x346b2968508d32f0192cd7a60ef3d9c39a3cf549,HOT,18,0x71850b7e9ee3f13ab46d67167341e4bdc905eef9,HNY,18,0
0x36d37a257a14abe229210966215885548411ce94,GFI-GTPS,0x9427a2a738affbc5880f0646b5251069c022e525,GFI,18,0xe5bd065be71af001e89fe04914662870c40542c8,GTPS,18,0
0x330cba5f70200f3ca8595cbb7684eac0acf4f77b,AMIS-BADGER,0xd51e1ddd116fff9a71c1b8feeb58113afa2b4d93,AMIS,9,0xdfc20ae04ed70bd9c7d720f449eedae19f659d65,BADGER,18,0
0x32f03e2f9e4cfe13f8a149c8ac757b0189ac89a1,tGNO-GNO,0x8f2da84513bf2d0192d262596eeb693c6d6be8d8,tGNO,18,0x9c58bacc331c9aa871afd802db6379a98e80cedb,GNO,18,1.97E-09
0x30b6e9b8f56c598613c77bdbb2e012ba38f9dca8,CRV-STAKE,0x712b3d230f3c1c19db860d80619288b1f0bdd0bd,CRV,18,0xb7d311e2eb55f2f68a9440da38e7989210b9a05e,STAKE,18,0.238763857
0x3035548748a46f0d2764bf689272ed7b04aba569,CODSH-GNO,0x0badb21cb5450127a91bb32e757aa44e222995c9,CODSH,18,0x9c58bacc331c9aa871afd802db6379a98e80cedb,GNO,18,0.022178628
0x300737d4d5859034f46a2f4389bfc458984c0054,PRTCLE-CHEEMS,0xb5d592f85ab2d955c25720ebe6ff8d4d1e1be300,PRTCLE,18,0xeaf7b3376173df8bc0c22ad6126943cc8353c1ee,CHEEMS,18,0
0x2f74b7d13b898d4ab794577550e700455a2ee340,AMIS-GRT,0xd51e1ddd116fff9a71c1b8feeb58113afa2b4d93,AMIS,9,0xfadc59d012ba3c110b08a15b7755a5cb7cbe77d7,GRT,18,0
0x2d5ef769eaed094ae4b2e948f7f3270589aaf1f8,WRSH-WXDAI,0xdca0343f2780f5421e369452fa59a0df2f769756,WRSH,18,0xe91d153e0b41518a2ce8dd3d7944fa863463a97d,WXDAI,18,0
0x2b0c0dc280b7bc7ad4a3571a9e31359c9ef32648,LINDA-COMP,0xb1c607c7fb9ad11e42fdca528dc782f5779b2f00,LINDA,18,0xdf6ff92bfdc1e8be45177dc1f4845d391d3ad8fd,COMP,18,0
0x2a4e4d0a61cd4754407ecea7c4e031857717fcc9,SLP-ZAP,0xc704050a17af0caed763431b80e38e8d8ff15591,SLP,18,0xe4dec344b9d689b7f85c67478feb07625381080e,ZAP,18,0
0x28b10716aa72cf308dd2aff73271e66fb12fa83e,yDAI+yUSDC+yUSDT+yTUSD-AMIS,0x22bd2a732b39dace37ae7e8f50a186f3d9702e87,yDAI+yUSDC+yUSDT+yTUSD,18,0xd51e1ddd116fff9a71c1b8feeb58113afa2b4d93,AMIS,9,0
0x281492bb0d78e92ee4d90676bce29c2ace3b95fe,WXDAI-INDIGO,0xe91d153e0b41518a2ce8dd3d7944fa863463a97d,WXDAI,18,0xfbac9178beaa5d9d6022123d9fb004e43b02a556,INDIGO,10,0
0x240d895646e9afd023e296ecdb08a84a3071b6ec,yDAI+yUSDC+yUSDT+yTUSD-renBTC,0x22bd2a732b39dace37ae7e8f50a186f3d9702e87,yDAI+yUSDC+yUSDT+yTUSD,18,0x4a88248baa5b39bb4a9caa697fb7f8ae0c3f0ddb,renBTC,8,0
0x1e7d8d6200716c1a536e267411ab6c6fb56bfaf7,SUSHI-STAKE,0x2995d1317dcd4f0ab89f4ae60f3f020a4f17c7ce,SUSHI,18,0xb7d311e2eb55f2f68a9440da38e7989210b9a05e,STAKE,18,6.482495339
0x1bbfc7e6753f5a419e7eff68e42a29fed2859a7a,CRV-TECH,0x712b3d230f3c1c19db860d80619288b1f0bdd0bd,CRV,18,0xb7d918d7631fcdd0954205e3a6b205a10a31a085,TECH,18,0
0x1ad1e6040e565cad4cbf727b1fead2b077b5db4b,yDAI+yUSDC+yUSDT+yTUSD-SUSHI,0x22bd2a732b39dace37ae7e8f50a186f3d9702e87,yDAI+yUSDC+yUSDT+yTUSD,18,0x2995d1317dcd4f0ab89f4ae60f3f020a4f17c7ce,SUSHI,18,0
0x151fdff447c44dd48a088398c91ba90cab19ddcf,DAI.CPXD-CARD.CPXD,0x26f2319fbb44772e0ed58fb7c99cf8da59e2b5be,DAI.CPXD,18,0x52031d287bb58e26a379a7fec2c84acb54f54fe3,CARD.CPXD,18,0
0x1336f02d0d1f005a694b74bd1ddb6f23e2947ae0,BTCTRADE-BTCBR,0x041074fd2e67222fb94f4cf3e4036ee389dd3bab,BTCTRADE,18,0xa899e4476ff5da39dcd9ddec7a6e2c651d8614bf,BTCBR,18,0
0x10b1a816dc049cab0b3ecbc75c54712a39d2fcfc,STAKE-AMIS,0xb7d311e2eb55f2f68a9440da38e7989210b9a05e,STAKE,18,0xd51e1ddd116fff9a71c1b8feeb58113afa2b4d93,AMIS,9,2.476480463
0x0fd573bf40df305c2cb50cf8f17f1e7e5d730bc8,RSR-AMIS,0x5a87eac5642bfed4e354ee8738dacd298e07d1af,RSR,18,0xd51e1ddd116fff9a71c1b8feeb58113afa2b4d93,AMIS,9,0
0x0346b748ce9bdd42995452b5d30b46c296336f07,TestWETH-DRGIV2,0x736a98655049433f79dccf5e54b887e8890b63d1,TestWETH,18,0x780fe5de651a3ea62e572f591bf848cfebaf2163,DRGIV2,18,0
0x02ac8f78fafed01c2d44b2b18e2b5c6e264b42a0,UNI-AMIS,0x4537e328bf7e4efa29d05caea260d7fe26af9d74,UNI,18,0xd51e1ddd116fff9a71c1b8feeb58113afa2b4d93,AMIS,9,0
0x0072e25775e03db69a61024fec7705a267a6f713,WEENUS-WXDAI,0xe6421e9af92aca6a81c9fd0babace4a9c5691c60,WEENUS,18,0xe91d153e0b41518a2ce8dd3d7944fa863463a97d,WXDAI,18,0
